2025-12-30 19:38:10,968 - INFO - DB pool initialized successfully.
2025-12-30 19:38:11,058 - INFO - Adding job tentatively -- it will be properly scheduled when the scheduler starts
2025-12-30 19:38:11,071 - INFO - Adding job tentatively -- it will be properly scheduled when the scheduler starts
2025-12-30 19:38:11,074 - INFO - Added job "Flush matured buckets" to job store "default"
2025-12-30 19:38:11,075 - INFO - Added job "Cleanup old buckets" to job store "default"
2025-12-30 19:38:11,076 - INFO - Scheduler started
2025-12-30 19:38:11,993 - INFO - [31m[1mWARNING: This is a development server. Do not use it in a production deployment. Use a production WSGI server instead.[0m
 * Running on all addresses (0.0.0.0)
 * Running on http://127.0.0.1:5000
 * Running on http://192.168.1.5:5000
2025-12-30 19:38:12,003 - INFO - [33mPress CTRL+C to quit[0m
2025-12-30 19:38:26,072 - INFO - Running job "Flush matured buckets (trigger: interval[0:00:15], next run at: 2025-12-30 19:38:41 +07)" (scheduled at 2025-12-30 19:38:26.058299+07:00)
2025-12-30 19:38:26,073 - INFO - Job "Flush matured buckets (trigger: interval[0:00:15], next run at: 2025-12-30 19:38:41 +07)" executed successfully
2025-12-30 19:38:41,071 - INFO - Running job "Flush matured buckets (trigger: interval[0:00:15], next run at: 2025-12-30 19:38:56 +07)" (scheduled at 2025-12-30 19:38:41.058299+07:00)
2025-12-30 19:38:41,071 - INFO - Job "Flush matured buckets (trigger: interval[0:00:15], next run at: 2025-12-30 19:38:56 +07)" executed successfully
2025-12-30 19:38:58,770 - INFO - DB pool initialized successfully.
2025-12-30 19:38:58,811 - INFO - Adding job tentatively -- it will be properly scheduled when the scheduler starts
2025-12-30 19:38:58,812 - INFO - Adding job tentatively -- it will be properly scheduled when the scheduler starts
2025-12-30 19:38:58,815 - INFO - Added job "Flush matured buckets" to job store "default"
2025-12-30 19:38:58,816 - INFO - Added job "Cleanup old buckets" to job store "default"
2025-12-30 19:38:58,816 - INFO - Scheduler started
2025-12-30 19:38:59,714 - INFO - [31m[1mWARNING: This is a development server. Do not use it in a production deployment. Use a production WSGI server instead.[0m
 * Running on all addresses (0.0.0.0)
 * Running on http://127.0.0.1:5000
 * Running on http://192.168.1.5:5000
2025-12-30 19:38:59,715 - INFO - [33mPress CTRL+C to quit[0m
2025-12-30 19:39:58,688 - INFO - DB pool initialized successfully.
2025-12-30 19:39:58,722 - INFO - Adding job tentatively -- it will be properly scheduled when the scheduler starts
2025-12-30 19:39:58,726 - INFO - Adding job tentatively -- it will be properly scheduled when the scheduler starts
2025-12-30 19:39:58,729 - INFO - Added job "Flush matured buckets" to job store "default"
2025-12-30 19:39:58,729 - INFO - Added job "Cleanup old buckets" to job store "default"
2025-12-30 19:39:58,730 - INFO - Scheduler started
2025-12-30 19:39:59,879 - INFO - [31m[1mWARNING: This is a development server. Do not use it in a production deployment. Use a production WSGI server instead.[0m
 * Running on all addresses (0.0.0.0)
 * Running on http://127.0.0.1:5000
 * Running on http://192.168.1.5:5000
2025-12-30 19:39:59,881 - INFO - [33mPress CTRL+C to quit[0m
2025-12-30 19:40:13,723 - INFO - Running job "Flush matured buckets (trigger: interval[0:00:15], next run at: 2025-12-30 19:40:28 +07)" (scheduled at 2025-12-30 19:40:13.722653+07:00)
2025-12-30 19:40:13,724 - INFO - Job "Flush matured buckets (trigger: interval[0:00:15], next run at: 2025-12-30 19:40:28 +07)" executed successfully
2025-12-30 19:40:28,724 - INFO - Running job "Flush matured buckets (trigger: interval[0:00:15], next run at: 2025-12-30 19:40:43 +07)" (scheduled at 2025-12-30 19:40:28.722653+07:00)
2025-12-30 19:40:28,725 - INFO - Job "Flush matured buckets (trigger: interval[0:00:15], next run at: 2025-12-30 19:40:43 +07)" executed successfully
2025-12-30 19:40:43,731 - INFO - Running job "Flush matured buckets (trigger: interval[0:00:15], next run at: 2025-12-30 19:40:58 +07)" (scheduled at 2025-12-30 19:40:43.722653+07:00)
2025-12-30 19:40:44,026 - INFO - Job "Flush matured buckets (trigger: interval[0:00:15], next run at: 2025-12-30 19:40:58 +07)" executed successfully
2025-12-30 19:40:58,738 - INFO - Running job "Flush matured buckets (trigger: interval[0:00:15], next run at: 2025-12-30 19:41:13 +07)" (scheduled at 2025-12-30 19:40:58.722653+07:00)
2025-12-30 19:40:58,899 - INFO - Job "Flush matured buckets (trigger: interval[0:00:15], next run at: 2025-12-30 19:41:13 +07)" executed successfully
2025-12-30 19:41:13,737 - INFO - Running job "Flush matured buckets (trigger: interval[0:00:15], next run at: 2025-12-30 19:41:28 +07)" (scheduled at 2025-12-30 19:41:13.722653+07:00)
2025-12-30 19:41:14,413 - INFO - Job "Flush matured buckets (trigger: interval[0:00:15], next run at: 2025-12-30 19:41:28 +07)" executed successfully
2025-12-30 19:41:28,732 - INFO - Running job "Flush matured buckets (trigger: interval[0:00:15], next run at: 2025-12-30 19:41:43 +07)" (scheduled at 2025-12-30 19:41:28.722653+07:00)
2025-12-30 19:41:28,877 - INFO - Job "Flush matured buckets (trigger: interval[0:00:15], next run at: 2025-12-30 19:41:43 +07)" executed successfully
2025-12-30 19:41:43,732 - INFO - Running job "Flush matured buckets (trigger: interval[0:00:15], next run at: 2025-12-30 19:41:58 +07)" (scheduled at 2025-12-30 19:41:43.722653+07:00)
2025-12-30 19:41:43,859 - INFO - Job "Flush matured buckets (trigger: interval[0:00:15], next run at: 2025-12-30 19:41:58 +07)" executed successfully
2025-12-30 19:41:58,728 - INFO - Running job "Flush matured buckets (trigger: interval[0:00:15], next run at: 2025-12-30 19:42:13 +07)" (scheduled at 2025-12-30 19:41:58.722653+07:00)
2025-12-30 19:41:58,887 - INFO - Job "Flush matured buckets (trigger: interval[0:00:15], next run at: 2025-12-30 19:42:13 +07)" executed successfully
2025-12-30 19:42:13,730 - INFO - Running job "Flush matured buckets (trigger: interval[0:00:15], next run at: 2025-12-30 19:42:28 +07)" (scheduled at 2025-12-30 19:42:13.722653+07:00)
2025-12-30 19:42:13,870 - INFO - Job "Flush matured buckets (trigger: interval[0:00:15], next run at: 2025-12-30 19:42:28 +07)" executed successfully
2025-12-30 19:42:28,736 - INFO - Running job "Flush matured buckets (trigger: interval[0:00:15], next run at: 2025-12-30 19:42:43 +07)" (scheduled at 2025-12-30 19:42:28.722653+07:00)
2025-12-30 19:42:29,393 - INFO - Job "Flush matured buckets (trigger: interval[0:00:15], next run at: 2025-12-30 19:42:43 +07)" executed successfully
2025-12-30 19:42:43,724 - INFO - Running job "Flush matured buckets (trigger: interval[0:00:15], next run at: 2025-12-30 19:42:58 +07)" (scheduled at 2025-12-30 19:42:43.722653+07:00)
2025-12-30 19:42:43,899 - INFO - Job "Flush matured buckets (trigger: interval[0:00:15], next run at: 2025-12-30 19:42:58 +07)" executed successfully
2025-12-30 19:42:58,726 - INFO - Running job "Flush matured buckets (trigger: interval[0:00:15], next run at: 2025-12-30 19:43:13 +07)" (scheduled at 2025-12-30 19:42:58.722653+07:00)
2025-12-30 19:42:58,811 - INFO - Job "Flush matured buckets (trigger: interval[0:00:15], next run at: 2025-12-30 19:43:13 +07)" executed successfully
2025-12-30 19:43:13,729 - INFO - Running job "Flush matured buckets (trigger: interval[0:00:15], next run at: 2025-12-30 19:43:28 +07)" (scheduled at 2025-12-30 19:43:13.722653+07:00)
2025-12-30 19:43:14,361 - INFO - Job "Flush matured buckets (trigger: interval[0:00:15], next run at: 2025-12-30 19:43:28 +07)" executed successfully
2025-12-30 19:43:28,732 - INFO - Running job "Flush matured buckets (trigger: interval[0:00:15], next run at: 2025-12-30 19:43:43 +07)" (scheduled at 2025-12-30 19:43:28.722653+07:00)
2025-12-30 19:43:28,883 - INFO - Job "Flush matured buckets (trigger: interval[0:00:15], next run at: 2025-12-30 19:43:43 +07)" executed successfully
2025-12-30 19:43:43,729 - INFO - Running job "Flush matured buckets (trigger: interval[0:00:15], next run at: 2025-12-30 19:43:58 +07)" (scheduled at 2025-12-30 19:43:43.722653+07:00)
2025-12-30 19:43:43,848 - INFO - Job "Flush matured buckets (trigger: interval[0:00:15], next run at: 2025-12-30 19:43:58 +07)" executed successfully
2025-12-30 19:43:58,732 - INFO - Running job "Flush matured buckets (trigger: interval[0:00:15], next run at: 2025-12-30 19:44:13 +07)" (scheduled at 2025-12-30 19:43:58.722653+07:00)
2025-12-30 19:43:58,930 - INFO - Job "Flush matured buckets (trigger: interval[0:00:15], next run at: 2025-12-30 19:44:13 +07)" executed successfully
2025-12-30 19:44:13,731 - INFO - Running job "Flush matured buckets (trigger: interval[0:00:15], next run at: 2025-12-30 19:44:28 +07)" (scheduled at 2025-12-30 19:44:13.722653+07:00)
2025-12-30 19:44:13,966 - INFO - Job "Flush matured buckets (trigger: interval[0:00:15], next run at: 2025-12-30 19:44:28 +07)" executed successfully
2025-12-30 19:44:28,735 - INFO - Running job "Flush matured buckets (trigger: interval[0:00:15], next run at: 2025-12-30 19:44:43 +07)" (scheduled at 2025-12-30 19:44:28.722653+07:00)
2025-12-30 19:44:28,735 - INFO - Job "Flush matured buckets (trigger: interval[0:00:15], next run at: 2025-12-30 19:44:43 +07)" executed successfully
2025-12-30 19:44:43,726 - INFO - Running job "Flush matured buckets (trigger: interval[0:00:15], next run at: 2025-12-30 19:44:58 +07)" (scheduled at 2025-12-30 19:44:43.722653+07:00)
2025-12-30 19:44:43,727 - INFO - Job "Flush matured buckets (trigger: interval[0:00:15], next run at: 2025-12-30 19:44:58 +07)" executed successfully
2025-12-30 19:44:58,726 - INFO - Running job "Flush matured buckets (trigger: interval[0:00:15], next run at: 2025-12-30 19:45:13 +07)" (scheduled at 2025-12-30 19:44:58.722653+07:00)
2025-12-30 19:44:58,727 - INFO - Running job "Cleanup old buckets (trigger: interval[0:05:00], next run at: 2025-12-30 19:49:58 +07)" (scheduled at 2025-12-30 19:44:58.726643+07:00)
2025-12-30 19:44:58,728 - INFO - Job "Flush matured buckets (trigger: interval[0:00:15], next run at: 2025-12-30 19:45:13 +07)" executed successfully
2025-12-30 19:44:58,728 - INFO - Job "Cleanup old buckets (trigger: interval[0:05:00], next run at: 2025-12-30 19:49:58 +07)" executed successfully
2025-12-30 19:45:13,729 - INFO - Running job "Flush matured buckets (trigger: interval[0:00:15], next run at: 2025-12-30 19:45:28 +07)" (scheduled at 2025-12-30 19:45:13.722653+07:00)
2025-12-30 19:45:13,730 - INFO - Job "Flush matured buckets (trigger: interval[0:00:15], next run at: 2025-12-30 19:45:28 +07)" executed successfully
2025-12-30 19:45:28,735 - INFO - Running job "Flush matured buckets (trigger: interval[0:00:15], next run at: 2025-12-30 19:45:43 +07)" (scheduled at 2025-12-30 19:45:28.722653+07:00)
2025-12-30 19:45:28,736 - INFO - Job "Flush matured buckets (trigger: interval[0:00:15], next run at: 2025-12-30 19:45:43 +07)" executed successfully
2025-12-30 19:45:43,726 - INFO - Running job "Flush matured buckets (trigger: interval[0:00:15], next run at: 2025-12-30 19:45:58 +07)" (scheduled at 2025-12-30 19:45:43.722653+07:00)
2025-12-30 19:45:43,727 - INFO - Job "Flush matured buckets (trigger: interval[0:00:15], next run at: 2025-12-30 19:45:58 +07)" executed successfully
2025-12-30 19:45:58,723 - INFO - Running job "Flush matured buckets (trigger: interval[0:00:15], next run at: 2025-12-30 19:46:13 +07)" (scheduled at 2025-12-30 19:45:58.722653+07:00)
2025-12-30 19:45:58,724 - INFO - Job "Flush matured buckets (trigger: interval[0:00:15], next run at: 2025-12-30 19:46:13 +07)" executed successfully
2025-12-30 19:46:13,724 - INFO - Running job "Flush matured buckets (trigger: interval[0:00:15], next run at: 2025-12-30 19:46:28 +07)" (scheduled at 2025-12-30 19:46:13.722653+07:00)
2025-12-30 19:46:13,725 - INFO - Job "Flush matured buckets (trigger: interval[0:00:15], next run at: 2025-12-30 19:46:28 +07)" executed successfully
2025-12-30 19:46:28,734 - INFO - Running job "Flush matured buckets (trigger: interval[0:00:15], next run at: 2025-12-30 19:46:43 +07)" (scheduled at 2025-12-30 19:46:28.722653+07:00)
2025-12-30 19:46:28,735 - INFO - Job "Flush matured buckets (trigger: interval[0:00:15], next run at: 2025-12-30 19:46:43 +07)" executed successfully
2025-12-30 19:46:43,725 - INFO - Running job "Flush matured buckets (trigger: interval[0:00:15], next run at: 2025-12-30 19:46:58 +07)" (scheduled at 2025-12-30 19:46:43.722653+07:00)
2025-12-30 19:46:43,726 - INFO - Job "Flush matured buckets (trigger: interval[0:00:15], next run at: 2025-12-30 19:46:58 +07)" executed successfully
2025-12-30 19:46:58,737 - INFO - Running job "Flush matured buckets (trigger: interval[0:00:15], next run at: 2025-12-30 19:47:13 +07)" (scheduled at 2025-12-30 19:46:58.722653+07:00)
2025-12-30 19:46:58,738 - INFO - Job "Flush matured buckets (trigger: interval[0:00:15], next run at: 2025-12-30 19:47:13 +07)" executed successfully
2025-12-30 19:47:13,732 - INFO - Running job "Flush matured buckets (trigger: interval[0:00:15], next run at: 2025-12-30 19:47:28 +07)" (scheduled at 2025-12-30 19:47:13.722653+07:00)
2025-12-30 19:47:13,732 - INFO - Job "Flush matured buckets (trigger: interval[0:00:15], next run at: 2025-12-30 19:47:28 +07)" executed successfully
2025-12-30 19:47:28,738 - INFO - Running job "Flush matured buckets (trigger: interval[0:00:15], next run at: 2025-12-30 19:47:43 +07)" (scheduled at 2025-12-30 19:47:28.722653+07:00)
2025-12-30 19:47:28,739 - INFO - Job "Flush matured buckets (trigger: interval[0:00:15], next run at: 2025-12-30 19:47:43 +07)" executed successfully
2025-12-30 19:47:43,725 - INFO - Running job "Flush matured buckets (trigger: interval[0:00:15], next run at: 2025-12-30 19:47:58 +07)" (scheduled at 2025-12-30 19:47:43.722653+07:00)
2025-12-30 19:47:43,725 - INFO - Job "Flush matured buckets (trigger: interval[0:00:15], next run at: 2025-12-30 19:47:58 +07)" executed successfully
2025-12-30 19:47:58,735 - INFO - Running job "Flush matured buckets (trigger: interval[0:00:15], next run at: 2025-12-30 19:48:13 +07)" (scheduled at 2025-12-30 19:47:58.722653+07:00)
2025-12-30 19:47:58,736 - INFO - Job "Flush matured buckets (trigger: interval[0:00:15], next run at: 2025-12-30 19:48:13 +07)" executed successfully
2025-12-30 19:48:13,731 - INFO - Running job "Flush matured buckets (trigger: interval[0:00:15], next run at: 2025-12-30 19:48:28 +07)" (scheduled at 2025-12-30 19:48:13.722653+07:00)
2025-12-30 19:48:13,732 - INFO - Job "Flush matured buckets (trigger: interval[0:00:15], next run at: 2025-12-30 19:48:28 +07)" executed successfully
2025-12-30 19:48:28,729 - INFO - Running job "Flush matured buckets (trigger: interval[0:00:15], next run at: 2025-12-30 19:48:43 +07)" (scheduled at 2025-12-30 19:48:28.722653+07:00)
2025-12-30 19:48:28,730 - INFO - Job "Flush matured buckets (trigger: interval[0:00:15], next run at: 2025-12-30 19:48:43 +07)" executed successfully
2025-12-30 19:48:43,738 - INFO - Running job "Flush matured buckets (trigger: interval[0:00:15], next run at: 2025-12-30 19:48:58 +07)" (scheduled at 2025-12-30 19:48:43.722653+07:00)
2025-12-30 19:48:43,739 - INFO - Job "Flush matured buckets (trigger: interval[0:00:15], next run at: 2025-12-30 19:48:58 +07)" executed successfully
2025-12-30 19:48:58,728 - INFO - Running job "Flush matured buckets (trigger: interval[0:00:15], next run at: 2025-12-30 19:49:13 +07)" (scheduled at 2025-12-30 19:48:58.722653+07:00)
2025-12-30 19:48:58,729 - INFO - Job "Flush matured buckets (trigger: interval[0:00:15], next run at: 2025-12-30 19:49:13 +07)" executed successfully
2025-12-30 19:49:13,727 - INFO - Running job "Flush matured buckets (trigger: interval[0:00:15], next run at: 2025-12-30 19:49:28 +07)" (scheduled at 2025-12-30 19:49:13.722653+07:00)
2025-12-30 19:49:13,728 - INFO - Job "Flush matured buckets (trigger: interval[0:00:15], next run at: 2025-12-30 19:49:28 +07)" executed successfully
2025-12-30 19:49:28,733 - INFO - Running job "Flush matured buckets (trigger: interval[0:00:15], next run at: 2025-12-30 19:49:43 +07)" (scheduled at 2025-12-30 19:49:28.722653+07:00)
2025-12-30 19:49:28,734 - INFO - Job "Flush matured buckets (trigger: interval[0:00:15], next run at: 2025-12-30 19:49:43 +07)" executed successfully
2025-12-30 19:49:43,729 - INFO - Running job "Flush matured buckets (trigger: interval[0:00:15], next run at: 2025-12-30 19:49:58 +07)" (scheduled at 2025-12-30 19:49:43.722653+07:00)
2025-12-30 19:49:43,730 - INFO - Job "Flush matured buckets (trigger: interval[0:00:15], next run at: 2025-12-30 19:49:58 +07)" executed successfully
2025-12-30 19:49:58,732 - INFO - Running job "Flush matured buckets (trigger: interval[0:00:15], next run at: 2025-12-30 19:50:13 +07)" (scheduled at 2025-12-30 19:49:58.722653+07:00)
2025-12-30 19:49:58,733 - INFO - Running job "Cleanup old buckets (trigger: interval[0:05:00], next run at: 2025-12-30 19:54:58 +07)" (scheduled at 2025-12-30 19:49:58.726643+07:00)
2025-12-30 19:49:58,733 - INFO - Job "Flush matured buckets (trigger: interval[0:00:15], next run at: 2025-12-30 19:50:13 +07)" executed successfully
2025-12-30 19:49:58,734 - INFO - Job "Cleanup old buckets (trigger: interval[0:05:00], next run at: 2025-12-30 19:54:58 +07)" executed successfully
2025-12-30 19:50:13,724 - INFO - Running job "Flush matured buckets (trigger: interval[0:00:15], next run at: 2025-12-30 19:50:28 +07)" (scheduled at 2025-12-30 19:50:13.722653+07:00)
2025-12-30 19:50:13,725 - INFO - Job "Flush matured buckets (trigger: interval[0:00:15], next run at: 2025-12-30 19:50:28 +07)" executed successfully
2025-12-30 19:50:28,732 - INFO - Running job "Flush matured buckets (trigger: interval[0:00:15], next run at: 2025-12-30 19:50:43 +07)" (scheduled at 2025-12-30 19:50:28.722653+07:00)
2025-12-30 19:50:28,732 - INFO - Job "Flush matured buckets (trigger: interval[0:00:15], next run at: 2025-12-30 19:50:43 +07)" executed successfully
2025-12-30 19:50:43,731 - INFO - Running job "Flush matured buckets (trigger: interval[0:00:15], next run at: 2025-12-30 19:50:58 +07)" (scheduled at 2025-12-30 19:50:43.722653+07:00)
2025-12-30 19:50:43,732 - INFO - Job "Flush matured buckets (trigger: interval[0:00:15], next run at: 2025-12-30 19:50:58 +07)" executed successfully
2025-12-30 19:50:58,725 - INFO - Running job "Flush matured buckets (trigger: interval[0:00:15], next run at: 2025-12-30 19:51:13 +07)" (scheduled at 2025-12-30 19:50:58.722653+07:00)
2025-12-30 19:50:58,725 - INFO - Job "Flush matured buckets (trigger: interval[0:00:15], next run at: 2025-12-30 19:51:13 +07)" executed successfully
2025-12-30 19:51:13,732 - INFO - Running job "Flush matured buckets (trigger: interval[0:00:15], next run at: 2025-12-30 19:51:28 +07)" (scheduled at 2025-12-30 19:51:13.722653+07:00)
2025-12-30 19:51:13,732 - INFO - Job "Flush matured buckets (trigger: interval[0:00:15], next run at: 2025-12-30 19:51:28 +07)" executed successfully
2025-12-30 19:51:28,731 - INFO - Running job "Flush matured buckets (trigger: interval[0:00:15], next run at: 2025-12-30 19:51:43 +07)" (scheduled at 2025-12-30 19:51:28.722653+07:00)
2025-12-30 19:51:28,732 - INFO - Job "Flush matured buckets (trigger: interval[0:00:15], next run at: 2025-12-30 19:51:43 +07)" executed successfully
2025-12-30 19:51:43,733 - INFO - Running job "Flush matured buckets (trigger: interval[0:00:15], next run at: 2025-12-30 19:51:58 +07)" (scheduled at 2025-12-30 19:51:43.722653+07:00)
2025-12-30 19:51:43,734 - INFO - Job "Flush matured buckets (trigger: interval[0:00:15], next run at: 2025-12-30 19:51:58 +07)" executed successfully
2025-12-30 19:51:58,723 - INFO - Running job "Flush matured buckets (trigger: interval[0:00:15], next run at: 2025-12-30 19:52:13 +07)" (scheduled at 2025-12-30 19:51:58.722653+07:00)
2025-12-30 19:51:58,723 - INFO - Job "Flush matured buckets (trigger: interval[0:00:15], next run at: 2025-12-30 19:52:13 +07)" executed successfully
2025-12-30 19:52:13,723 - INFO - Running job "Flush matured buckets (trigger: interval[0:00:15], next run at: 2025-12-30 19:52:28 +07)" (scheduled at 2025-12-30 19:52:13.722653+07:00)
2025-12-30 19:52:13,724 - INFO - Job "Flush matured buckets (trigger: interval[0:00:15], next run at: 2025-12-30 19:52:28 +07)" executed successfully
2025-12-30 19:52:28,727 - INFO - Running job "Flush matured buckets (trigger: interval[0:00:15], next run at: 2025-12-30 19:52:43 +07)" (scheduled at 2025-12-30 19:52:28.722653+07:00)
2025-12-30 19:52:28,727 - INFO - Job "Flush matured buckets (trigger: interval[0:00:15], next run at: 2025-12-30 19:52:43 +07)" executed successfully
2025-12-30 19:52:43,727 - INFO - Running job "Flush matured buckets (trigger: interval[0:00:15], next run at: 2025-12-30 19:52:58 +07)" (scheduled at 2025-12-30 19:52:43.722653+07:00)
2025-12-30 19:52:43,728 - INFO - Job "Flush matured buckets (trigger: interval[0:00:15], next run at: 2025-12-30 19:52:58 +07)" executed successfully
2025-12-30 19:52:58,725 - INFO - Running job "Flush matured buckets (trigger: interval[0:00:15], next run at: 2025-12-30 19:53:13 +07)" (scheduled at 2025-12-30 19:52:58.722653+07:00)
2025-12-30 19:52:58,725 - INFO - Job "Flush matured buckets (trigger: interval[0:00:15], next run at: 2025-12-30 19:53:13 +07)" executed successfully
2025-12-30 19:53:13,723 - INFO - Running job "Flush matured buckets (trigger: interval[0:00:15], next run at: 2025-12-30 19:53:28 +07)" (scheduled at 2025-12-30 19:53:13.722653+07:00)
2025-12-30 19:53:13,724 - INFO - Job "Flush matured buckets (trigger: interval[0:00:15], next run at: 2025-12-30 19:53:28 +07)" executed successfully
2025-12-30 19:53:28,730 - INFO - Running job "Flush matured buckets (trigger: interval[0:00:15], next run at: 2025-12-30 19:53:43 +07)" (scheduled at 2025-12-30 19:53:28.722653+07:00)
2025-12-30 19:53:28,731 - INFO - Job "Flush matured buckets (trigger: interval[0:00:15], next run at: 2025-12-30 19:53:43 +07)" executed successfully
2025-12-30 19:53:43,725 - INFO - Running job "Flush matured buckets (trigger: interval[0:00:15], next run at: 2025-12-30 19:53:58 +07)" (scheduled at 2025-12-30 19:53:43.722653+07:00)
2025-12-30 19:53:43,725 - INFO - Job "Flush matured buckets (trigger: interval[0:00:15], next run at: 2025-12-30 19:53:58 +07)" executed successfully
2025-12-30 19:53:58,735 - INFO - Running job "Flush matured buckets (trigger: interval[0:00:15], next run at: 2025-12-30 19:54:13 +07)" (scheduled at 2025-12-30 19:53:58.722653+07:00)
2025-12-30 19:53:58,736 - INFO - Job "Flush matured buckets (trigger: interval[0:00:15], next run at: 2025-12-30 19:54:13 +07)" executed successfully
2025-12-30 19:54:13,738 - INFO - Running job "Flush matured buckets (trigger: interval[0:00:15], next run at: 2025-12-30 19:54:28 +07)" (scheduled at 2025-12-30 19:54:13.722653+07:00)
2025-12-30 19:54:13,738 - INFO - Job "Flush matured buckets (trigger: interval[0:00:15], next run at: 2025-12-30 19:54:28 +07)" executed successfully
2025-12-30 19:54:28,734 - INFO - Running job "Flush matured buckets (trigger: interval[0:00:15], next run at: 2025-12-30 19:54:43 +07)" (scheduled at 2025-12-30 19:54:28.722653+07:00)
2025-12-30 19:54:28,735 - INFO - Job "Flush matured buckets (trigger: interval[0:00:15], next run at: 2025-12-30 19:54:43 +07)" executed successfully
2025-12-30 19:54:43,729 - INFO - Running job "Flush matured buckets (trigger: interval[0:00:15], next run at: 2025-12-30 19:54:58 +07)" (scheduled at 2025-12-30 19:54:43.722653+07:00)
2025-12-30 19:54:43,731 - INFO - Job "Flush matured buckets (trigger: interval[0:00:15], next run at: 2025-12-30 19:54:58 +07)" executed successfully
2025-12-30 19:54:58,726 - INFO - Running job "Flush matured buckets (trigger: interval[0:00:15], next run at: 2025-12-30 19:55:13 +07)" (scheduled at 2025-12-30 19:54:58.722653+07:00)
2025-12-30 19:54:58,726 - INFO - Job "Flush matured buckets (trigger: interval[0:00:15], next run at: 2025-12-30 19:55:13 +07)" executed successfully
2025-12-30 19:54:58,741 - INFO - Running job "Cleanup old buckets (trigger: interval[0:05:00], next run at: 2025-12-30 19:59:58 +07)" (scheduled at 2025-12-30 19:54:58.726643+07:00)
2025-12-30 19:54:58,742 - INFO - Job "Cleanup old buckets (trigger: interval[0:05:00], next run at: 2025-12-30 19:59:58 +07)" executed successfully
2025-12-30 19:55:13,724 - INFO - Running job "Flush matured buckets (trigger: interval[0:00:15], next run at: 2025-12-30 19:55:28 +07)" (scheduled at 2025-12-30 19:55:13.722653+07:00)
2025-12-30 19:55:13,724 - INFO - Job "Flush matured buckets (trigger: interval[0:00:15], next run at: 2025-12-30 19:55:28 +07)" executed successfully
2025-12-30 19:55:28,736 - INFO - Running job "Flush matured buckets (trigger: interval[0:00:15], next run at: 2025-12-30 19:55:43 +07)" (scheduled at 2025-12-30 19:55:28.722653+07:00)
2025-12-30 19:55:28,737 - INFO - Job "Flush matured buckets (trigger: interval[0:00:15], next run at: 2025-12-30 19:55:43 +07)" executed successfully
2025-12-30 19:55:43,737 - INFO - Running job "Flush matured buckets (trigger: interval[0:00:15], next run at: 2025-12-30 19:55:58 +07)" (scheduled at 2025-12-30 19:55:43.722653+07:00)
2025-12-30 19:55:43,738 - INFO - Job "Flush matured buckets (trigger: interval[0:00:15], next run at: 2025-12-30 19:55:58 +07)" executed successfully
2025-12-30 19:55:58,727 - INFO - Running job "Flush matured buckets (trigger: interval[0:00:15], next run at: 2025-12-30 19:56:13 +07)" (scheduled at 2025-12-30 19:55:58.722653+07:00)
2025-12-30 19:55:58,728 - INFO - Job "Flush matured buckets (trigger: interval[0:00:15], next run at: 2025-12-30 19:56:13 +07)" executed successfully
2025-12-30 19:56:13,732 - INFO - Running job "Flush matured buckets (trigger: interval[0:00:15], next run at: 2025-12-30 19:56:28 +07)" (scheduled at 2025-12-30 19:56:13.722653+07:00)
2025-12-30 19:56:13,733 - INFO - Job "Flush matured buckets (trigger: interval[0:00:15], next run at: 2025-12-30 19:56:28 +07)" executed successfully
2025-12-30 19:56:28,734 - INFO - Running job "Flush matured buckets (trigger: interval[0:00:15], next run at: 2025-12-30 19:56:43 +07)" (scheduled at 2025-12-30 19:56:28.722653+07:00)
2025-12-30 19:56:28,735 - INFO - Job "Flush matured buckets (trigger: interval[0:00:15], next run at: 2025-12-30 19:56:43 +07)" executed successfully
2025-12-30 19:56:43,729 - INFO - Running job "Flush matured buckets (trigger: interval[0:00:15], next run at: 2025-12-30 19:56:58 +07)" (scheduled at 2025-12-30 19:56:43.722653+07:00)
2025-12-30 19:56:43,730 - INFO - Job "Flush matured buckets (trigger: interval[0:00:15], next run at: 2025-12-30 19:56:58 +07)" executed successfully
2025-12-30 19:56:58,733 - INFO - Running job "Flush matured buckets (trigger: interval[0:00:15], next run at: 2025-12-30 19:57:13 +07)" (scheduled at 2025-12-30 19:56:58.722653+07:00)
2025-12-30 19:56:58,733 - INFO - Job "Flush matured buckets (trigger: interval[0:00:15], next run at: 2025-12-30 19:57:13 +07)" executed successfully
2025-12-30 19:57:13,735 - INFO - Running job "Flush matured buckets (trigger: interval[0:00:15], next run at: 2025-12-30 19:57:28 +07)" (scheduled at 2025-12-30 19:57:13.722653+07:00)
2025-12-30 19:57:13,735 - INFO - Job "Flush matured buckets (trigger: interval[0:00:15], next run at: 2025-12-30 19:57:28 +07)" executed successfully
2025-12-30 19:57:28,733 - INFO - Running job "Flush matured buckets (trigger: interval[0:00:15], next run at: 2025-12-30 19:57:43 +07)" (scheduled at 2025-12-30 19:57:28.722653+07:00)
2025-12-30 19:57:28,733 - INFO - Job "Flush matured buckets (trigger: interval[0:00:15], next run at: 2025-12-30 19:57:43 +07)" executed successfully
2025-12-30 19:57:43,728 - INFO - Running job "Flush matured buckets (trigger: interval[0:00:15], next run at: 2025-12-30 19:57:58 +07)" (scheduled at 2025-12-30 19:57:43.722653+07:00)
2025-12-30 19:57:43,729 - INFO - Job "Flush matured buckets (trigger: interval[0:00:15], next run at: 2025-12-30 19:57:58 +07)" executed successfully
2025-12-30 19:57:58,723 - INFO - Running job "Flush matured buckets (trigger: interval[0:00:15], next run at: 2025-12-30 19:58:13 +07)" (scheduled at 2025-12-30 19:57:58.722653+07:00)
2025-12-30 19:57:58,723 - INFO - Job "Flush matured buckets (trigger: interval[0:00:15], next run at: 2025-12-30 19:58:13 +07)" executed successfully
2025-12-30 19:58:13,725 - INFO - Running job "Flush matured buckets (trigger: interval[0:00:15], next run at: 2025-12-30 19:58:28 +07)" (scheduled at 2025-12-30 19:58:13.722653+07:00)
2025-12-30 19:58:13,726 - INFO - Job "Flush matured buckets (trigger: interval[0:00:15], next run at: 2025-12-30 19:58:28 +07)" executed successfully
2025-12-30 19:58:28,730 - INFO - Running job "Flush matured buckets (trigger: interval[0:00:15], next run at: 2025-12-30 19:58:43 +07)" (scheduled at 2025-12-30 19:58:28.722653+07:00)
2025-12-30 19:58:28,731 - INFO - Job "Flush matured buckets (trigger: interval[0:00:15], next run at: 2025-12-30 19:58:43 +07)" executed successfully
2025-12-30 19:58:43,729 - INFO - Running job "Flush matured buckets (trigger: interval[0:00:15], next run at: 2025-12-30 19:58:58 +07)" (scheduled at 2025-12-30 19:58:43.722653+07:00)
2025-12-30 19:58:43,730 - INFO - Job "Flush matured buckets (trigger: interval[0:00:15], next run at: 2025-12-30 19:58:58 +07)" executed successfully
2025-12-30 19:58:58,724 - INFO - Running job "Flush matured buckets (trigger: interval[0:00:15], next run at: 2025-12-30 19:59:13 +07)" (scheduled at 2025-12-30 19:58:58.722653+07:00)
2025-12-30 19:58:58,724 - INFO - Job "Flush matured buckets (trigger: interval[0:00:15], next run at: 2025-12-30 19:59:13 +07)" executed successfully
2025-12-30 19:59:13,726 - INFO - Running job "Flush matured buckets (trigger: interval[0:00:15], next run at: 2025-12-30 19:59:28 +07)" (scheduled at 2025-12-30 19:59:13.722653+07:00)
2025-12-30 19:59:13,727 - INFO - Job "Flush matured buckets (trigger: interval[0:00:15], next run at: 2025-12-30 19:59:28 +07)" executed successfully
2025-12-30 19:59:28,737 - INFO - Running job "Flush matured buckets (trigger: interval[0:00:15], next run at: 2025-12-30 19:59:43 +07)" (scheduled at 2025-12-30 19:59:28.722653+07:00)
2025-12-30 19:59:28,738 - INFO - Job "Flush matured buckets (trigger: interval[0:00:15], next run at: 2025-12-30 19:59:43 +07)" executed successfully
2025-12-30 19:59:43,732 - INFO - Running job "Flush matured buckets (trigger: interval[0:00:15], next run at: 2025-12-30 19:59:58 +07)" (scheduled at 2025-12-30 19:59:43.722653+07:00)
2025-12-30 19:59:43,734 - INFO - Job "Flush matured buckets (trigger: interval[0:00:15], next run at: 2025-12-30 19:59:58 +07)" executed successfully
2025-12-30 19:59:58,731 - INFO - Running job "Flush matured buckets (trigger: interval[0:00:15], next run at: 2025-12-30 20:00:13 +07)" (scheduled at 2025-12-30 19:59:58.722653+07:00)
2025-12-30 19:59:58,732 - INFO - Running job "Cleanup old buckets (trigger: interval[0:05:00], next run at: 2025-12-30 20:04:58 +07)" (scheduled at 2025-12-30 19:59:58.726643+07:00)
2025-12-30 19:59:58,732 - INFO - Job "Flush matured buckets (trigger: interval[0:00:15], next run at: 2025-12-30 20:00:13 +07)" executed successfully
2025-12-30 19:59:58,733 - INFO - Job "Cleanup old buckets (trigger: interval[0:05:00], next run at: 2025-12-30 20:04:58 +07)" executed successfully
2025-12-30 20:00:13,723 - INFO - Running job "Flush matured buckets (trigger: interval[0:00:15], next run at: 2025-12-30 20:00:28 +07)" (scheduled at 2025-12-30 20:00:13.722653+07:00)
2025-12-30 20:00:13,724 - INFO - Job "Flush matured buckets (trigger: interval[0:00:15], next run at: 2025-12-30 20:00:28 +07)" executed successfully
2025-12-30 20:00:28,733 - INFO - Running job "Flush matured buckets (trigger: interval[0:00:15], next run at: 2025-12-30 20:00:43 +07)" (scheduled at 2025-12-30 20:00:28.722653+07:00)
2025-12-30 20:00:28,733 - INFO - Job "Flush matured buckets (trigger: interval[0:00:15], next run at: 2025-12-30 20:00:43 +07)" executed successfully
2025-12-30 20:00:43,733 - INFO - Running job "Flush matured buckets (trigger: interval[0:00:15], next run at: 2025-12-30 20:00:58 +07)" (scheduled at 2025-12-30 20:00:43.722653+07:00)
2025-12-30 20:00:43,734 - INFO - Job "Flush matured buckets (trigger: interval[0:00:15], next run at: 2025-12-30 20:00:58 +07)" executed successfully
2025-12-30 20:00:58,729 - INFO - Running job "Flush matured buckets (trigger: interval[0:00:15], next run at: 2025-12-30 20:01:13 +07)" (scheduled at 2025-12-30 20:00:58.722653+07:00)
2025-12-30 20:00:58,729 - INFO - Job "Flush matured buckets (trigger: interval[0:00:15], next run at: 2025-12-30 20:01:13 +07)" executed successfully
2025-12-30 20:01:13,726 - INFO - Running job "Flush matured buckets (trigger: interval[0:00:15], next run at: 2025-12-30 20:01:28 +07)" (scheduled at 2025-12-30 20:01:13.722653+07:00)
2025-12-30 20:01:13,887 - INFO - Job "Flush matured buckets (trigger: interval[0:00:15], next run at: 2025-12-30 20:01:28 +07)" executed successfully
2025-12-30 20:01:28,738 - INFO - Running job "Flush matured buckets (trigger: interval[0:00:15], next run at: 2025-12-30 20:01:43 +07)" (scheduled at 2025-12-30 20:01:28.722653+07:00)
2025-12-30 20:01:28,881 - INFO - Job "Flush matured buckets (trigger: interval[0:00:15], next run at: 2025-12-30 20:01:43 +07)" executed successfully
2025-12-30 20:01:43,725 - INFO - Running job "Flush matured buckets (trigger: interval[0:00:15], next run at: 2025-12-30 20:01:58 +07)" (scheduled at 2025-12-30 20:01:43.722653+07:00)
2025-12-30 20:01:43,926 - INFO - Job "Flush matured buckets (trigger: interval[0:00:15], next run at: 2025-12-30 20:01:58 +07)" executed successfully
2025-12-30 20:01:58,729 - INFO - Running job "Flush matured buckets (trigger: interval[0:00:15], next run at: 2025-12-30 20:02:13 +07)" (scheduled at 2025-12-30 20:01:58.722653+07:00)
2025-12-30 20:01:59,107 - INFO - Job "Flush matured buckets (trigger: interval[0:00:15], next run at: 2025-12-30 20:02:13 +07)" executed successfully
2025-12-30 20:02:13,724 - INFO - Running job "Flush matured buckets (trigger: interval[0:00:15], next run at: 2025-12-30 20:02:28 +07)" (scheduled at 2025-12-30 20:02:13.722653+07:00)
2025-12-30 20:02:13,825 - INFO - Job "Flush matured buckets (trigger: interval[0:00:15], next run at: 2025-12-30 20:02:28 +07)" executed successfully
2025-12-30 20:02:28,738 - INFO - Running job "Flush matured buckets (trigger: interval[0:00:15], next run at: 2025-12-30 20:02:43 +07)" (scheduled at 2025-12-30 20:02:28.722653+07:00)
2025-12-30 20:02:28,739 - INFO - Job "Flush matured buckets (trigger: interval[0:00:15], next run at: 2025-12-30 20:02:43 +07)" executed successfully
2025-12-30 20:02:43,735 - INFO - Running job "Flush matured buckets (trigger: interval[0:00:15], next run at: 2025-12-30 20:02:58 +07)" (scheduled at 2025-12-30 20:02:43.722653+07:00)
2025-12-30 20:02:43,735 - INFO - Job "Flush matured buckets (trigger: interval[0:00:15], next run at: 2025-12-30 20:02:58 +07)" executed successfully
2025-12-30 20:02:58,732 - INFO - Running job "Flush matured buckets (trigger: interval[0:00:15], next run at: 2025-12-30 20:03:13 +07)" (scheduled at 2025-12-30 20:02:58.722653+07:00)
2025-12-30 20:02:58,733 - INFO - Job "Flush matured buckets (trigger: interval[0:00:15], next run at: 2025-12-30 20:03:13 +07)" executed successfully
2025-12-30 20:03:13,729 - INFO - Running job "Flush matured buckets (trigger: interval[0:00:15], next run at: 2025-12-30 20:03:28 +07)" (scheduled at 2025-12-30 20:03:13.722653+07:00)
2025-12-30 20:03:13,730 - INFO - Job "Flush matured buckets (trigger: interval[0:00:15], next run at: 2025-12-30 20:03:28 +07)" executed successfully
2025-12-30 20:03:28,733 - INFO - Running job "Flush matured buckets (trigger: interval[0:00:15], next run at: 2025-12-30 20:03:43 +07)" (scheduled at 2025-12-30 20:03:28.722653+07:00)
2025-12-30 20:03:28,734 - INFO - Job "Flush matured buckets (trigger: interval[0:00:15], next run at: 2025-12-30 20:03:43 +07)" executed successfully
2025-12-30 20:03:43,733 - INFO - Running job "Flush matured buckets (trigger: interval[0:00:15], next run at: 2025-12-30 20:03:58 +07)" (scheduled at 2025-12-30 20:03:43.722653+07:00)
2025-12-30 20:03:43,734 - INFO - Job "Flush matured buckets (trigger: interval[0:00:15], next run at: 2025-12-30 20:03:58 +07)" executed successfully
2025-12-30 20:03:58,724 - INFO - Running job "Flush matured buckets (trigger: interval[0:00:15], next run at: 2025-12-30 20:04:13 +07)" (scheduled at 2025-12-30 20:03:58.722653+07:00)
2025-12-30 20:03:58,724 - INFO - Job "Flush matured buckets (trigger: interval[0:00:15], next run at: 2025-12-30 20:04:13 +07)" executed successfully
2025-12-30 20:04:13,726 - INFO - Running job "Flush matured buckets (trigger: interval[0:00:15], next run at: 2025-12-30 20:04:28 +07)" (scheduled at 2025-12-30 20:04:13.722653+07:00)
2025-12-30 20:04:13,726 - INFO - Job "Flush matured buckets (trigger: interval[0:00:15], next run at: 2025-12-30 20:04:28 +07)" executed successfully
2025-12-30 20:04:28,732 - INFO - Running job "Flush matured buckets (trigger: interval[0:00:15], next run at: 2025-12-30 20:04:43 +07)" (scheduled at 2025-12-30 20:04:28.722653+07:00)
2025-12-30 20:04:28,733 - INFO - Job "Flush matured buckets (trigger: interval[0:00:15], next run at: 2025-12-30 20:04:43 +07)" executed successfully
2025-12-30 20:04:43,738 - INFO - Running job "Flush matured buckets (trigger: interval[0:00:15], next run at: 2025-12-30 20:04:58 +07)" (scheduled at 2025-12-30 20:04:43.722653+07:00)
2025-12-30 20:04:43,739 - INFO - Job "Flush matured buckets (trigger: interval[0:00:15], next run at: 2025-12-30 20:04:58 +07)" executed successfully
2026-01-07 08:44:56,069 - INFO - DB pool initialized successfully.
2026-01-07 08:44:56,077 - ERROR - Failed to start MQTT: [WinError 10065] A socket operation was attempted to an unreachable host
2026-01-07 08:44:56,102 - INFO - Adding job tentatively -- it will be properly scheduled when the scheduler starts
2026-01-07 08:44:56,127 - INFO - Adding job tentatively -- it will be properly scheduled when the scheduler starts
2026-01-07 08:44:56,130 - INFO - Added job "Flush matured buckets" to job store "default"
2026-01-07 08:44:56,131 - INFO - Added job "Cleanup old buckets" to job store "default"
2026-01-07 08:44:56,132 - INFO - Scheduler started
2026-01-07 08:44:56,176 - INFO - [31m[1mWARNING: This is a development server. Do not use it in a production deployment. Use a production WSGI server instead.[0m
 * Running on all addresses (0.0.0.0)
 * Running on http://127.0.0.1:5000
 * Running on http://192.168.1.4:5000
2026-01-07 08:44:56,178 - INFO - [33mPress CTRL+C to quit[0m
2026-01-07 08:45:11,114 - INFO - Running job "Flush matured buckets (trigger: interval[0:00:15], next run at: 2026-01-07 08:45:26 +07)" (scheduled at 2026-01-07 08:45:11.102232+07:00)
2026-01-07 08:45:11,114 - INFO - Job "Flush matured buckets (trigger: interval[0:00:15], next run at: 2026-01-07 08:45:26 +07)" executed successfully
2026-01-07 08:45:26,103 - INFO - Running job "Flush matured buckets (trigger: interval[0:00:15], next run at: 2026-01-07 08:45:41 +07)" (scheduled at 2026-01-07 08:45:26.102232+07:00)
2026-01-07 08:45:26,103 - INFO - Job "Flush matured buckets (trigger: interval[0:00:15], next run at: 2026-01-07 08:45:41 +07)" executed successfully
2026-01-07 08:45:41,105 - INFO - Running job "Flush matured buckets (trigger: interval[0:00:15], next run at: 2026-01-07 08:45:56 +07)" (scheduled at 2026-01-07 08:45:41.102232+07:00)
2026-01-07 08:45:41,105 - INFO - Job "Flush matured buckets (trigger: interval[0:00:15], next run at: 2026-01-07 08:45:56 +07)" executed successfully
2026-01-07 08:45:56,107 - INFO - Running job "Flush matured buckets (trigger: interval[0:00:15], next run at: 2026-01-07 08:46:11 +07)" (scheduled at 2026-01-07 08:45:56.102232+07:00)
2026-01-07 08:45:56,107 - INFO - Job "Flush matured buckets (trigger: interval[0:00:15], next run at: 2026-01-07 08:46:11 +07)" executed successfully
2026-01-07 08:46:11,108 - INFO - Running job "Flush matured buckets (trigger: interval[0:00:15], next run at: 2026-01-07 08:46:26 +07)" (scheduled at 2026-01-07 08:46:11.102232+07:00)
2026-01-07 08:46:11,108 - INFO - Job "Flush matured buckets (trigger: interval[0:00:15], next run at: 2026-01-07 08:46:26 +07)" executed successfully
2026-01-07 08:46:26,117 - INFO - Running job "Flush matured buckets (trigger: interval[0:00:15], next run at: 2026-01-07 08:46:41 +07)" (scheduled at 2026-01-07 08:46:26.102232+07:00)
2026-01-07 08:46:26,118 - INFO - Job "Flush matured buckets (trigger: interval[0:00:15], next run at: 2026-01-07 08:46:41 +07)" executed successfully
2026-01-07 08:46:41,105 - INFO - Running job "Flush matured buckets (trigger: interval[0:00:15], next run at: 2026-01-07 08:46:56 +07)" (scheduled at 2026-01-07 08:46:41.102232+07:00)
2026-01-07 08:46:41,105 - INFO - Job "Flush matured buckets (trigger: interval[0:00:15], next run at: 2026-01-07 08:46:56 +07)" executed successfully
2026-01-07 08:46:56,117 - INFO - Running job "Flush matured buckets (trigger: interval[0:00:15], next run at: 2026-01-07 08:47:11 +07)" (scheduled at 2026-01-07 08:46:56.102232+07:00)
2026-01-07 08:46:56,117 - INFO - Job "Flush matured buckets (trigger: interval[0:00:15], next run at: 2026-01-07 08:47:11 +07)" executed successfully
2026-01-07 08:47:11,111 - INFO - Running job "Flush matured buckets (trigger: interval[0:00:15], next run at: 2026-01-07 08:47:26 +07)" (scheduled at 2026-01-07 08:47:11.102232+07:00)
2026-01-07 08:47:11,112 - INFO - Job "Flush matured buckets (trigger: interval[0:00:15], next run at: 2026-01-07 08:47:26 +07)" executed successfully
2026-01-07 08:47:26,108 - INFO - Running job "Flush matured buckets (trigger: interval[0:00:15], next run at: 2026-01-07 08:47:41 +07)" (scheduled at 2026-01-07 08:47:26.102232+07:00)
2026-01-07 08:47:26,109 - INFO - Job "Flush matured buckets (trigger: interval[0:00:15], next run at: 2026-01-07 08:47:41 +07)" executed successfully
2026-01-07 08:47:41,103 - INFO - Running job "Flush matured buckets (trigger: interval[0:00:15], next run at: 2026-01-07 08:47:56 +07)" (scheduled at 2026-01-07 08:47:41.102232+07:00)
2026-01-07 08:47:41,104 - INFO - Job "Flush matured buckets (trigger: interval[0:00:15], next run at: 2026-01-07 08:47:56 +07)" executed successfully
2026-01-07 08:47:56,113 - INFO - Running job "Flush matured buckets (trigger: interval[0:00:15], next run at: 2026-01-07 08:48:11 +07)" (scheduled at 2026-01-07 08:47:56.102232+07:00)
2026-01-07 08:47:56,114 - INFO - Job "Flush matured buckets (trigger: interval[0:00:15], next run at: 2026-01-07 08:48:11 +07)" executed successfully
2026-01-07 08:48:11,116 - INFO - Running job "Flush matured buckets (trigger: interval[0:00:15], next run at: 2026-01-07 08:48:26 +07)" (scheduled at 2026-01-07 08:48:11.102232+07:00)
2026-01-07 08:48:11,116 - INFO - Job "Flush matured buckets (trigger: interval[0:00:15], next run at: 2026-01-07 08:48:26 +07)" executed successfully
2026-01-07 08:48:26,103 - INFO - Running job "Flush matured buckets (trigger: interval[0:00:15], next run at: 2026-01-07 08:48:41 +07)" (scheduled at 2026-01-07 08:48:26.102232+07:00)
2026-01-07 08:48:26,103 - INFO - Job "Flush matured buckets (trigger: interval[0:00:15], next run at: 2026-01-07 08:48:41 +07)" executed successfully
2026-01-07 08:48:41,110 - INFO - Running job "Flush matured buckets (trigger: interval[0:00:15], next run at: 2026-01-07 08:48:56 +07)" (scheduled at 2026-01-07 08:48:41.102232+07:00)
2026-01-07 08:48:41,111 - INFO - Job "Flush matured buckets (trigger: interval[0:00:15], next run at: 2026-01-07 08:48:56 +07)" executed successfully
2026-01-07 08:48:56,115 - INFO - Running job "Flush matured buckets (trigger: interval[0:00:15], next run at: 2026-01-07 08:49:11 +07)" (scheduled at 2026-01-07 08:48:56.102232+07:00)
2026-01-07 08:48:56,116 - INFO - Job "Flush matured buckets (trigger: interval[0:00:15], next run at: 2026-01-07 08:49:11 +07)" executed successfully
2026-01-07 08:49:11,112 - INFO - Running job "Flush matured buckets (trigger: interval[0:00:15], next run at: 2026-01-07 08:49:26 +07)" (scheduled at 2026-01-07 08:49:11.102232+07:00)
2026-01-07 08:49:11,112 - INFO - Job "Flush matured buckets (trigger: interval[0:00:15], next run at: 2026-01-07 08:49:26 +07)" executed successfully
2026-01-07 08:49:26,104 - INFO - Running job "Flush matured buckets (trigger: interval[0:00:15], next run at: 2026-01-07 08:49:41 +07)" (scheduled at 2026-01-07 08:49:26.102232+07:00)
2026-01-07 08:49:26,104 - INFO - Job "Flush matured buckets (trigger: interval[0:00:15], next run at: 2026-01-07 08:49:41 +07)" executed successfully
2026-01-07 08:49:41,114 - INFO - Running job "Flush matured buckets (trigger: interval[0:00:15], next run at: 2026-01-07 08:49:56 +07)" (scheduled at 2026-01-07 08:49:41.102232+07:00)
2026-01-07 08:49:41,115 - INFO - Job "Flush matured buckets (trigger: interval[0:00:15], next run at: 2026-01-07 08:49:56 +07)" executed successfully
2026-01-07 08:49:56,112 - INFO - Running job "Flush matured buckets (trigger: interval[0:00:15], next run at: 2026-01-07 08:50:11 +07)" (scheduled at 2026-01-07 08:49:56.102232+07:00)
2026-01-07 08:49:56,112 - INFO - Job "Flush matured buckets (trigger: interval[0:00:15], next run at: 2026-01-07 08:50:11 +07)" executed successfully
2026-01-07 08:49:56,143 - INFO - Running job "Cleanup old buckets (trigger: interval[0:05:00], next run at: 2026-01-07 08:54:56 +07)" (scheduled at 2026-01-07 08:49:56.127170+07:00)
2026-01-07 08:49:56,143 - INFO - Job "Cleanup old buckets (trigger: interval[0:05:00], next run at: 2026-01-07 08:54:56 +07)" executed successfully
2026-01-07 08:50:11,112 - INFO - Running job "Flush matured buckets (trigger: interval[0:00:15], next run at: 2026-01-07 08:50:26 +07)" (scheduled at 2026-01-07 08:50:11.102232+07:00)
2026-01-07 08:50:11,113 - INFO - Job "Flush matured buckets (trigger: interval[0:00:15], next run at: 2026-01-07 08:50:26 +07)" executed successfully
2026-01-07 08:50:26,105 - INFO - Running job "Flush matured buckets (trigger: interval[0:00:15], next run at: 2026-01-07 08:50:41 +07)" (scheduled at 2026-01-07 08:50:26.102232+07:00)
2026-01-07 08:50:26,105 - INFO - Job "Flush matured buckets (trigger: interval[0:00:15], next run at: 2026-01-07 08:50:41 +07)" executed successfully
2026-01-07 08:50:41,103 - INFO - Running job "Flush matured buckets (trigger: interval[0:00:15], next run at: 2026-01-07 08:50:56 +07)" (scheduled at 2026-01-07 08:50:41.102232+07:00)
2026-01-07 08:50:41,104 - INFO - Job "Flush matured buckets (trigger: interval[0:00:15], next run at: 2026-01-07 08:50:56 +07)" executed successfully
2026-01-07 08:50:56,105 - INFO - Running job "Flush matured buckets (trigger: interval[0:00:15], next run at: 2026-01-07 08:51:11 +07)" (scheduled at 2026-01-07 08:50:56.102232+07:00)
2026-01-07 08:50:56,106 - INFO - Job "Flush matured buckets (trigger: interval[0:00:15], next run at: 2026-01-07 08:51:11 +07)" executed successfully
2026-01-07 08:51:11,117 - INFO - Running job "Flush matured buckets (trigger: interval[0:00:15], next run at: 2026-01-07 08:51:26 +07)" (scheduled at 2026-01-07 08:51:11.102232+07:00)
2026-01-07 08:51:11,118 - INFO - Job "Flush matured buckets (trigger: interval[0:00:15], next run at: 2026-01-07 08:51:26 +07)" executed successfully
2026-01-07 08:51:26,105 - INFO - Running job "Flush matured buckets (trigger: interval[0:00:15], next run at: 2026-01-07 08:51:41 +07)" (scheduled at 2026-01-07 08:51:26.102232+07:00)
2026-01-07 08:51:26,105 - INFO - Job "Flush matured buckets (trigger: interval[0:00:15], next run at: 2026-01-07 08:51:41 +07)" executed successfully
2026-01-07 08:51:41,107 - INFO - Running job "Flush matured buckets (trigger: interval[0:00:15], next run at: 2026-01-07 08:51:56 +07)" (scheduled at 2026-01-07 08:51:41.102232+07:00)
2026-01-07 08:51:41,108 - INFO - Job "Flush matured buckets (trigger: interval[0:00:15], next run at: 2026-01-07 08:51:56 +07)" executed successfully
2026-01-07 08:51:56,108 - INFO - Running job "Flush matured buckets (trigger: interval[0:00:15], next run at: 2026-01-07 08:52:11 +07)" (scheduled at 2026-01-07 08:51:56.102232+07:00)
2026-01-07 08:51:56,108 - INFO - Job "Flush matured buckets (trigger: interval[0:00:15], next run at: 2026-01-07 08:52:11 +07)" executed successfully
2026-01-07 08:52:11,109 - INFO - Running job "Flush matured buckets (trigger: interval[0:00:15], next run at: 2026-01-07 08:52:26 +07)" (scheduled at 2026-01-07 08:52:11.102232+07:00)
2026-01-07 08:52:11,110 - INFO - Job "Flush matured buckets (trigger: interval[0:00:15], next run at: 2026-01-07 08:52:26 +07)" executed successfully
2026-01-07 08:52:26,115 - INFO - Running job "Flush matured buckets (trigger: interval[0:00:15], next run at: 2026-01-07 08:52:41 +07)" (scheduled at 2026-01-07 08:52:26.102232+07:00)
2026-01-07 08:52:26,115 - INFO - Job "Flush matured buckets (trigger: interval[0:00:15], next run at: 2026-01-07 08:52:41 +07)" executed successfully
2026-01-07 08:52:41,114 - INFO - Running job "Flush matured buckets (trigger: interval[0:00:15], next run at: 2026-01-07 08:52:56 +07)" (scheduled at 2026-01-07 08:52:41.102232+07:00)
2026-01-07 08:52:41,115 - INFO - Job "Flush matured buckets (trigger: interval[0:00:15], next run at: 2026-01-07 08:52:56 +07)" executed successfully
2026-01-07 08:52:56,108 - INFO - Running job "Flush matured buckets (trigger: interval[0:00:15], next run at: 2026-01-07 08:53:11 +07)" (scheduled at 2026-01-07 08:52:56.102232+07:00)
2026-01-07 08:52:56,109 - INFO - Job "Flush matured buckets (trigger: interval[0:00:15], next run at: 2026-01-07 08:53:11 +07)" executed successfully
2026-01-07 08:53:11,112 - INFO - Running job "Flush matured buckets (trigger: interval[0:00:15], next run at: 2026-01-07 08:53:26 +07)" (scheduled at 2026-01-07 08:53:11.102232+07:00)
2026-01-07 08:53:11,112 - INFO - Job "Flush matured buckets (trigger: interval[0:00:15], next run at: 2026-01-07 08:53:26 +07)" executed successfully
2026-01-07 08:53:26,117 - INFO - Running job "Flush matured buckets (trigger: interval[0:00:15], next run at: 2026-01-07 08:53:41 +07)" (scheduled at 2026-01-07 08:53:26.102232+07:00)
2026-01-07 08:53:26,118 - INFO - Job "Flush matured buckets (trigger: interval[0:00:15], next run at: 2026-01-07 08:53:41 +07)" executed successfully
2026-01-07 08:53:41,114 - INFO - Running job "Flush matured buckets (trigger: interval[0:00:15], next run at: 2026-01-07 08:53:56 +07)" (scheduled at 2026-01-07 08:53:41.102232+07:00)
2026-01-07 08:53:41,114 - INFO - Job "Flush matured buckets (trigger: interval[0:00:15], next run at: 2026-01-07 08:53:56 +07)" executed successfully
2026-01-07 08:53:56,108 - INFO - Running job "Flush matured buckets (trigger: interval[0:00:15], next run at: 2026-01-07 08:54:11 +07)" (scheduled at 2026-01-07 08:53:56.102232+07:00)
2026-01-07 08:53:56,108 - INFO - Job "Flush matured buckets (trigger: interval[0:00:15], next run at: 2026-01-07 08:54:11 +07)" executed successfully
2026-01-07 08:54:11,106 - INFO - Running job "Flush matured buckets (trigger: interval[0:00:15], next run at: 2026-01-07 08:54:26 +07)" (scheduled at 2026-01-07 08:54:11.102232+07:00)
2026-01-07 08:54:11,107 - INFO - Job "Flush matured buckets (trigger: interval[0:00:15], next run at: 2026-01-07 08:54:26 +07)" executed successfully
2026-01-07 08:54:26,113 - INFO - Running job "Flush matured buckets (trigger: interval[0:00:15], next run at: 2026-01-07 08:54:41 +07)" (scheduled at 2026-01-07 08:54:26.102232+07:00)
2026-01-07 08:54:26,114 - INFO - Job "Flush matured buckets (trigger: interval[0:00:15], next run at: 2026-01-07 08:54:41 +07)" executed successfully
2026-01-07 08:54:41,111 - INFO - Running job "Flush matured buckets (trigger: interval[0:00:15], next run at: 2026-01-07 08:54:56 +07)" (scheduled at 2026-01-07 08:54:41.102232+07:00)
2026-01-07 08:54:41,112 - INFO - Job "Flush matured buckets (trigger: interval[0:00:15], next run at: 2026-01-07 08:54:56 +07)" executed successfully
2026-01-07 08:54:56,110 - INFO - Running job "Flush matured buckets (trigger: interval[0:00:15], next run at: 2026-01-07 08:55:11 +07)" (scheduled at 2026-01-07 08:54:56.102232+07:00)
2026-01-07 08:54:56,110 - INFO - Job "Flush matured buckets (trigger: interval[0:00:15], next run at: 2026-01-07 08:55:11 +07)" executed successfully
2026-01-07 08:54:56,141 - INFO - Running job "Cleanup old buckets (trigger: interval[0:05:00], next run at: 2026-01-07 08:59:56 +07)" (scheduled at 2026-01-07 08:54:56.127170+07:00)
2026-01-07 08:54:56,141 - INFO - Job "Cleanup old buckets (trigger: interval[0:05:00], next run at: 2026-01-07 08:59:56 +07)" executed successfully
2026-01-07 08:55:11,111 - INFO - Running job "Flush matured buckets (trigger: interval[0:00:15], next run at: 2026-01-07 08:55:26 +07)" (scheduled at 2026-01-07 08:55:11.102232+07:00)
2026-01-07 08:55:11,111 - INFO - Job "Flush matured buckets (trigger: interval[0:00:15], next run at: 2026-01-07 08:55:26 +07)" executed successfully
2026-01-07 08:55:26,118 - INFO - Running job "Flush matured buckets (trigger: interval[0:00:15], next run at: 2026-01-07 08:55:41 +07)" (scheduled at 2026-01-07 08:55:26.102232+07:00)
2026-01-07 08:55:26,119 - INFO - Job "Flush matured buckets (trigger: interval[0:00:15], next run at: 2026-01-07 08:55:41 +07)" executed successfully
2026-01-07 08:55:41,106 - INFO - Running job "Flush matured buckets (trigger: interval[0:00:15], next run at: 2026-01-07 08:55:56 +07)" (scheduled at 2026-01-07 08:55:41.102232+07:00)
2026-01-07 08:55:41,107 - INFO - Job "Flush matured buckets (trigger: interval[0:00:15], next run at: 2026-01-07 08:55:56 +07)" executed successfully
2026-01-07 08:55:56,136 - INFO - Running job "Flush matured buckets (trigger: interval[0:00:15], next run at: 2026-01-07 08:56:11 +07)" (scheduled at 2026-01-07 08:55:56.102232+07:00)
2026-01-07 08:55:56,153 - INFO - Job "Flush matured buckets (trigger: interval[0:00:15], next run at: 2026-01-07 08:56:11 +07)" executed successfully
2026-01-07 08:56:11,117 - INFO - Running job "Flush matured buckets (trigger: interval[0:00:15], next run at: 2026-01-07 08:56:26 +07)" (scheduled at 2026-01-07 08:56:11.102232+07:00)
2026-01-07 08:56:11,117 - INFO - Job "Flush matured buckets (trigger: interval[0:00:15], next run at: 2026-01-07 08:56:26 +07)" executed successfully
2026-01-07 08:56:35,726 - INFO - DB pool initialized successfully.
2026-01-07 08:56:35,806 - INFO - Adding job tentatively -- it will be properly scheduled when the scheduler starts
2026-01-07 08:56:35,842 - INFO - Adding job tentatively -- it will be properly scheduled when the scheduler starts
2026-01-07 08:56:35,846 - INFO - Added job "Flush matured buckets" to job store "default"
2026-01-07 08:56:35,846 - INFO - Added job "Cleanup old buckets" to job store "default"
2026-01-07 08:56:35,847 - INFO - Scheduler started
2026-01-07 08:56:35,879 - INFO - [31m[1mWARNING: This is a development server. Do not use it in a production deployment. Use a production WSGI server instead.[0m
 * Running on all addresses (0.0.0.0)
 * Running on http://127.0.0.1:5000
 * Running on http://192.168.57.62:5000
2026-01-07 08:56:35,879 - INFO - [33mPress CTRL+C to quit[0m
2026-01-07 08:56:50,822 - INFO - Running job "Flush matured buckets (trigger: interval[0:00:15], next run at: 2026-01-07 08:57:05 +07)" (scheduled at 2026-01-07 08:56:50.806140+07:00)
2026-01-07 08:56:51,034 - INFO - Job "Flush matured buckets (trigger: interval[0:00:15], next run at: 2026-01-07 08:57:05 +07)" executed successfully
2026-01-07 08:57:05,817 - INFO - Running job "Flush matured buckets (trigger: interval[0:00:15], next run at: 2026-01-07 08:57:20 +07)" (scheduled at 2026-01-07 08:57:05.806140+07:00)
2026-01-07 08:57:05,914 - INFO - Job "Flush matured buckets (trigger: interval[0:00:15], next run at: 2026-01-07 08:57:20 +07)" executed successfully
2026-01-07 08:57:20,810 - INFO - Running job "Flush matured buckets (trigger: interval[0:00:15], next run at: 2026-01-07 08:57:35 +07)" (scheduled at 2026-01-07 08:57:20.806140+07:00)
2026-01-07 08:57:20,860 - INFO - Job "Flush matured buckets (trigger: interval[0:00:15], next run at: 2026-01-07 08:57:35 +07)" executed successfully
2026-01-07 08:57:35,816 - INFO - Running job "Flush matured buckets (trigger: interval[0:00:15], next run at: 2026-01-07 08:57:50 +07)" (scheduled at 2026-01-07 08:57:35.806140+07:00)
2026-01-07 08:57:35,878 - INFO - Job "Flush matured buckets (trigger: interval[0:00:15], next run at: 2026-01-07 08:57:50 +07)" executed successfully
2026-01-07 08:57:50,817 - INFO - Running job "Flush matured buckets (trigger: interval[0:00:15], next run at: 2026-01-07 08:58:05 +07)" (scheduled at 2026-01-07 08:57:50.806140+07:00)
2026-01-07 08:57:50,879 - INFO - Job "Flush matured buckets (trigger: interval[0:00:15], next run at: 2026-01-07 08:58:05 +07)" executed successfully
2026-01-07 08:58:05,811 - INFO - Running job "Flush matured buckets (trigger: interval[0:00:15], next run at: 2026-01-07 08:58:20 +07)" (scheduled at 2026-01-07 08:58:05.806140+07:00)
2026-01-07 08:58:06,021 - INFO - Job "Flush matured buckets (trigger: interval[0:00:15], next run at: 2026-01-07 08:58:20 +07)" executed successfully
2026-01-07 08:58:20,809 - INFO - Running job "Flush matured buckets (trigger: interval[0:00:15], next run at: 2026-01-07 08:58:35 +07)" (scheduled at 2026-01-07 08:58:20.806140+07:00)
2026-01-07 08:58:20,866 - INFO - Job "Flush matured buckets (trigger: interval[0:00:15], next run at: 2026-01-07 08:58:35 +07)" executed successfully
2026-01-07 08:58:35,806 - INFO - Running job "Flush matured buckets (trigger: interval[0:00:15], next run at: 2026-01-07 08:58:50 +07)" (scheduled at 2026-01-07 08:58:35.806140+07:00)
2026-01-07 08:58:35,876 - INFO - Job "Flush matured buckets (trigger: interval[0:00:15], next run at: 2026-01-07 08:58:50 +07)" executed successfully
2026-01-07 08:58:50,814 - INFO - Running job "Flush matured buckets (trigger: interval[0:00:15], next run at: 2026-01-07 08:59:05 +07)" (scheduled at 2026-01-07 08:58:50.806140+07:00)
2026-01-07 08:58:50,879 - INFO - Job "Flush matured buckets (trigger: interval[0:00:15], next run at: 2026-01-07 08:59:05 +07)" executed successfully
2026-01-07 08:59:05,821 - INFO - Running job "Flush matured buckets (trigger: interval[0:00:15], next run at: 2026-01-07 08:59:20 +07)" (scheduled at 2026-01-07 08:59:05.806140+07:00)
2026-01-07 08:59:05,894 - INFO - Job "Flush matured buckets (trigger: interval[0:00:15], next run at: 2026-01-07 08:59:20 +07)" executed successfully
2026-01-07 08:59:20,810 - INFO - Running job "Flush matured buckets (trigger: interval[0:00:15], next run at: 2026-01-07 08:59:35 +07)" (scheduled at 2026-01-07 08:59:20.806140+07:00)
2026-01-07 08:59:20,913 - INFO - Job "Flush matured buckets (trigger: interval[0:00:15], next run at: 2026-01-07 08:59:35 +07)" executed successfully
2026-01-07 08:59:35,808 - INFO - Running job "Flush matured buckets (trigger: interval[0:00:15], next run at: 2026-01-07 08:59:50 +07)" (scheduled at 2026-01-07 08:59:35.806140+07:00)
2026-01-07 08:59:35,883 - INFO - Job "Flush matured buckets (trigger: interval[0:00:15], next run at: 2026-01-07 08:59:50 +07)" executed successfully
2026-01-07 08:59:50,813 - INFO - Running job "Flush matured buckets (trigger: interval[0:00:15], next run at: 2026-01-07 09:00:05 +07)" (scheduled at 2026-01-07 08:59:50.806140+07:00)
2026-01-07 08:59:50,889 - INFO - Job "Flush matured buckets (trigger: interval[0:00:15], next run at: 2026-01-07 09:00:05 +07)" executed successfully
2026-01-07 09:00:05,815 - INFO - Running job "Flush matured buckets (trigger: interval[0:00:15], next run at: 2026-01-07 09:00:20 +07)" (scheduled at 2026-01-07 09:00:05.806140+07:00)
2026-01-07 09:00:05,892 - INFO - Job "Flush matured buckets (trigger: interval[0:00:15], next run at: 2026-01-07 09:00:20 +07)" executed successfully
2026-01-07 09:00:20,813 - INFO - Running job "Flush matured buckets (trigger: interval[0:00:15], next run at: 2026-01-07 09:00:35 +07)" (scheduled at 2026-01-07 09:00:20.806140+07:00)
2026-01-07 09:00:20,883 - INFO - Job "Flush matured buckets (trigger: interval[0:00:15], next run at: 2026-01-07 09:00:35 +07)" executed successfully
2026-01-07 09:00:35,819 - INFO - Running job "Flush matured buckets (trigger: interval[0:00:15], next run at: 2026-01-07 09:00:50 +07)" (scheduled at 2026-01-07 09:00:35.806140+07:00)
2026-01-07 09:00:35,856 - INFO - Job "Flush matured buckets (trigger: interval[0:00:15], next run at: 2026-01-07 09:00:50 +07)" executed successfully
2026-01-07 09:00:50,811 - INFO - Running job "Flush matured buckets (trigger: interval[0:00:15], next run at: 2026-01-07 09:01:05 +07)" (scheduled at 2026-01-07 09:00:50.806140+07:00)
2026-01-07 09:00:50,885 - INFO - Job "Flush matured buckets (trigger: interval[0:00:15], next run at: 2026-01-07 09:01:05 +07)" executed successfully
2026-01-07 09:01:05,816 - INFO - Running job "Flush matured buckets (trigger: interval[0:00:15], next run at: 2026-01-07 09:01:20 +07)" (scheduled at 2026-01-07 09:01:05.806140+07:00)
2026-01-07 09:01:05,894 - INFO - Job "Flush matured buckets (trigger: interval[0:00:15], next run at: 2026-01-07 09:01:20 +07)" executed successfully
2026-01-07 09:01:20,821 - INFO - Running job "Flush matured buckets (trigger: interval[0:00:15], next run at: 2026-01-07 09:01:35 +07)" (scheduled at 2026-01-07 09:01:20.806140+07:00)
2026-01-07 09:01:20,900 - INFO - Job "Flush matured buckets (trigger: interval[0:00:15], next run at: 2026-01-07 09:01:35 +07)" executed successfully
2026-01-07 09:01:35,821 - INFO - Running job "Flush matured buckets (trigger: interval[0:00:15], next run at: 2026-01-07 09:01:50 +07)" (scheduled at 2026-01-07 09:01:35.806140+07:00)
2026-01-07 09:01:35,853 - INFO - Running job "Cleanup old buckets (trigger: interval[0:05:00], next run at: 2026-01-07 09:06:35 +07)" (scheduled at 2026-01-07 09:01:35.842100+07:00)
2026-01-07 09:01:35,876 - INFO - Job "Cleanup old buckets (trigger: interval[0:05:00], next run at: 2026-01-07 09:06:35 +07)" executed successfully
2026-01-07 09:01:35,884 - INFO - Job "Flush matured buckets (trigger: interval[0:00:15], next run at: 2026-01-07 09:01:50 +07)" executed successfully
2026-01-07 09:01:50,811 - INFO - Running job "Flush matured buckets (trigger: interval[0:00:15], next run at: 2026-01-07 09:02:05 +07)" (scheduled at 2026-01-07 09:01:50.806140+07:00)
2026-01-07 09:01:50,873 - INFO - Job "Flush matured buckets (trigger: interval[0:00:15], next run at: 2026-01-07 09:02:05 +07)" executed successfully
2026-01-07 09:02:05,808 - INFO - Running job "Flush matured buckets (trigger: interval[0:00:15], next run at: 2026-01-07 09:02:20 +07)" (scheduled at 2026-01-07 09:02:05.806140+07:00)
2026-01-07 09:02:05,879 - INFO - Job "Flush matured buckets (trigger: interval[0:00:15], next run at: 2026-01-07 09:02:20 +07)" executed successfully
2026-01-07 09:02:20,806 - INFO - Running job "Flush matured buckets (trigger: interval[0:00:15], next run at: 2026-01-07 09:02:35 +07)" (scheduled at 2026-01-07 09:02:20.806140+07:00)
2026-01-07 09:02:20,866 - INFO - Job "Flush matured buckets (trigger: interval[0:00:15], next run at: 2026-01-07 09:02:35 +07)" executed successfully
2026-01-07 09:02:35,817 - INFO - Running job "Flush matured buckets (trigger: interval[0:00:15], next run at: 2026-01-07 09:02:50 +07)" (scheduled at 2026-01-07 09:02:35.806140+07:00)
2026-01-07 09:02:35,885 - INFO - Job "Flush matured buckets (trigger: interval[0:00:15], next run at: 2026-01-07 09:02:50 +07)" executed successfully
2026-01-07 09:02:50,820 - INFO - Running job "Flush matured buckets (trigger: interval[0:00:15], next run at: 2026-01-07 09:03:05 +07)" (scheduled at 2026-01-07 09:02:50.806140+07:00)
2026-01-07 09:02:50,883 - INFO - Job "Flush matured buckets (trigger: interval[0:00:15], next run at: 2026-01-07 09:03:05 +07)" executed successfully
2026-01-07 09:03:05,808 - INFO - Running job "Flush matured buckets (trigger: interval[0:00:15], next run at: 2026-01-07 09:03:20 +07)" (scheduled at 2026-01-07 09:03:05.806140+07:00)
2026-01-07 09:03:05,880 - INFO - Job "Flush matured buckets (trigger: interval[0:00:15], next run at: 2026-01-07 09:03:20 +07)" executed successfully
2026-01-07 09:03:20,814 - INFO - Running job "Flush matured buckets (trigger: interval[0:00:15], next run at: 2026-01-07 09:03:35 +07)" (scheduled at 2026-01-07 09:03:20.806140+07:00)
2026-01-07 09:03:20,886 - INFO - Job "Flush matured buckets (trigger: interval[0:00:15], next run at: 2026-01-07 09:03:35 +07)" executed successfully
2026-01-07 09:03:35,812 - INFO - Running job "Flush matured buckets (trigger: interval[0:00:15], next run at: 2026-01-07 09:03:50 +07)" (scheduled at 2026-01-07 09:03:35.806140+07:00)
2026-01-07 09:03:35,879 - INFO - Job "Flush matured buckets (trigger: interval[0:00:15], next run at: 2026-01-07 09:03:50 +07)" executed successfully
2026-01-07 09:03:50,812 - INFO - Running job "Flush matured buckets (trigger: interval[0:00:15], next run at: 2026-01-07 09:04:05 +07)" (scheduled at 2026-01-07 09:03:50.806140+07:00)
2026-01-07 09:03:50,890 - INFO - Job "Flush matured buckets (trigger: interval[0:00:15], next run at: 2026-01-07 09:04:05 +07)" executed successfully
2026-01-07 09:04:05,818 - INFO - Running job "Flush matured buckets (trigger: interval[0:00:15], next run at: 2026-01-07 09:04:20 +07)" (scheduled at 2026-01-07 09:04:05.806140+07:00)
2026-01-07 09:04:05,884 - INFO - Job "Flush matured buckets (trigger: interval[0:00:15], next run at: 2026-01-07 09:04:20 +07)" executed successfully
2026-01-07 09:04:20,821 - INFO - Running job "Flush matured buckets (trigger: interval[0:00:15], next run at: 2026-01-07 09:04:35 +07)" (scheduled at 2026-01-07 09:04:20.806140+07:00)
2026-01-07 09:04:20,884 - INFO - Job "Flush matured buckets (trigger: interval[0:00:15], next run at: 2026-01-07 09:04:35 +07)" executed successfully
2026-01-07 09:04:35,807 - INFO - Running job "Flush matured buckets (trigger: interval[0:00:15], next run at: 2026-01-07 09:04:50 +07)" (scheduled at 2026-01-07 09:04:35.806140+07:00)
2026-01-07 09:04:35,882 - INFO - Job "Flush matured buckets (trigger: interval[0:00:15], next run at: 2026-01-07 09:04:50 +07)" executed successfully
2026-01-07 09:04:50,811 - INFO - Running job "Flush matured buckets (trigger: interval[0:00:15], next run at: 2026-01-07 09:05:05 +07)" (scheduled at 2026-01-07 09:04:50.806140+07:00)
2026-01-07 09:04:50,872 - INFO - Job "Flush matured buckets (trigger: interval[0:00:15], next run at: 2026-01-07 09:05:05 +07)" executed successfully
2026-01-07 09:05:05,810 - INFO - Running job "Flush matured buckets (trigger: interval[0:00:15], next run at: 2026-01-07 09:05:20 +07)" (scheduled at 2026-01-07 09:05:05.806140+07:00)
2026-01-07 09:05:05,870 - INFO - Job "Flush matured buckets (trigger: interval[0:00:15], next run at: 2026-01-07 09:05:20 +07)" executed successfully
2026-01-07 09:05:20,808 - INFO - Running job "Flush matured buckets (trigger: interval[0:00:15], next run at: 2026-01-07 09:05:35 +07)" (scheduled at 2026-01-07 09:05:20.806140+07:00)
2026-01-07 09:05:20,855 - INFO - Job "Flush matured buckets (trigger: interval[0:00:15], next run at: 2026-01-07 09:05:35 +07)" executed successfully
2026-01-07 09:05:35,808 - INFO - Running job "Flush matured buckets (trigger: interval[0:00:15], next run at: 2026-01-07 09:05:50 +07)" (scheduled at 2026-01-07 09:05:35.806140+07:00)
2026-01-07 09:05:35,865 - INFO - Job "Flush matured buckets (trigger: interval[0:00:15], next run at: 2026-01-07 09:05:50 +07)" executed successfully
2026-01-07 09:05:50,815 - INFO - Running job "Flush matured buckets (trigger: interval[0:00:15], next run at: 2026-01-07 09:06:05 +07)" (scheduled at 2026-01-07 09:05:50.806140+07:00)
2026-01-07 09:05:50,886 - INFO - Job "Flush matured buckets (trigger: interval[0:00:15], next run at: 2026-01-07 09:06:05 +07)" executed successfully
2026-01-07 09:06:05,817 - INFO - Running job "Flush matured buckets (trigger: interval[0:00:15], next run at: 2026-01-07 09:06:20 +07)" (scheduled at 2026-01-07 09:06:05.806140+07:00)
2026-01-07 09:06:05,890 - INFO - Job "Flush matured buckets (trigger: interval[0:00:15], next run at: 2026-01-07 09:06:20 +07)" executed successfully
2026-01-07 09:06:20,820 - INFO - Running job "Flush matured buckets (trigger: interval[0:00:15], next run at: 2026-01-07 09:06:35 +07)" (scheduled at 2026-01-07 09:06:20.806140+07:00)
2026-01-07 09:06:20,897 - INFO - Job "Flush matured buckets (trigger: interval[0:00:15], next run at: 2026-01-07 09:06:35 +07)" executed successfully
2026-01-07 09:06:35,816 - INFO - Running job "Flush matured buckets (trigger: interval[0:00:15], next run at: 2026-01-07 09:06:50 +07)" (scheduled at 2026-01-07 09:06:35.806140+07:00)
2026-01-07 09:06:35,847 - INFO - Running job "Cleanup old buckets (trigger: interval[0:05:00], next run at: 2026-01-07 09:11:35 +07)" (scheduled at 2026-01-07 09:06:35.842100+07:00)
2026-01-07 09:06:35,891 - INFO - Job "Flush matured buckets (trigger: interval[0:00:15], next run at: 2026-01-07 09:06:50 +07)" executed successfully
2026-01-07 09:06:35,891 - INFO - Job "Cleanup old buckets (trigger: interval[0:05:00], next run at: 2026-01-07 09:11:35 +07)" executed successfully
2026-01-07 09:06:50,809 - INFO - Running job "Flush matured buckets (trigger: interval[0:00:15], next run at: 2026-01-07 09:07:05 +07)" (scheduled at 2026-01-07 09:06:50.806140+07:00)
2026-01-07 09:06:50,884 - INFO - Job "Flush matured buckets (trigger: interval[0:00:15], next run at: 2026-01-07 09:07:05 +07)" executed successfully
2026-01-07 09:07:05,812 - INFO - Running job "Flush matured buckets (trigger: interval[0:00:15], next run at: 2026-01-07 09:07:20 +07)" (scheduled at 2026-01-07 09:07:05.806140+07:00)
2026-01-07 09:07:05,851 - INFO - Job "Flush matured buckets (trigger: interval[0:00:15], next run at: 2026-01-07 09:07:20 +07)" executed successfully
2026-01-07 09:07:20,809 - INFO - Running job "Flush matured buckets (trigger: interval[0:00:15], next run at: 2026-01-07 09:07:35 +07)" (scheduled at 2026-01-07 09:07:20.806140+07:00)
2026-01-07 09:07:20,886 - INFO - Job "Flush matured buckets (trigger: interval[0:00:15], next run at: 2026-01-07 09:07:35 +07)" executed successfully
2026-01-07 09:07:35,814 - INFO - Running job "Flush matured buckets (trigger: interval[0:00:15], next run at: 2026-01-07 09:07:50 +07)" (scheduled at 2026-01-07 09:07:35.806140+07:00)
2026-01-07 09:07:35,881 - INFO - Job "Flush matured buckets (trigger: interval[0:00:15], next run at: 2026-01-07 09:07:50 +07)" executed successfully
2026-01-07 09:07:50,806 - INFO - Running job "Flush matured buckets (trigger: interval[0:00:15], next run at: 2026-01-07 09:08:05 +07)" (scheduled at 2026-01-07 09:07:50.806140+07:00)
2026-01-07 09:07:50,843 - INFO - Job "Flush matured buckets (trigger: interval[0:00:15], next run at: 2026-01-07 09:08:05 +07)" executed successfully
2026-01-07 09:08:05,821 - INFO - Running job "Flush matured buckets (trigger: interval[0:00:15], next run at: 2026-01-07 09:08:20 +07)" (scheduled at 2026-01-07 09:08:05.806140+07:00)
2026-01-07 09:08:05,885 - INFO - Job "Flush matured buckets (trigger: interval[0:00:15], next run at: 2026-01-07 09:08:20 +07)" executed successfully
2026-01-07 09:08:20,815 - INFO - Running job "Flush matured buckets (trigger: interval[0:00:15], next run at: 2026-01-07 09:08:35 +07)" (scheduled at 2026-01-07 09:08:20.806140+07:00)
2026-01-07 09:08:20,858 - INFO - Job "Flush matured buckets (trigger: interval[0:00:15], next run at: 2026-01-07 09:08:35 +07)" executed successfully
2026-01-07 09:08:35,812 - INFO - Running job "Flush matured buckets (trigger: interval[0:00:15], next run at: 2026-01-07 09:08:50 +07)" (scheduled at 2026-01-07 09:08:35.806140+07:00)
2026-01-07 09:08:35,891 - INFO - Job "Flush matured buckets (trigger: interval[0:00:15], next run at: 2026-01-07 09:08:50 +07)" executed successfully
2026-01-07 09:08:50,807 - INFO - Running job "Flush matured buckets (trigger: interval[0:00:15], next run at: 2026-01-07 09:09:05 +07)" (scheduled at 2026-01-07 09:08:50.806140+07:00)
2026-01-07 09:08:50,874 - INFO - Job "Flush matured buckets (trigger: interval[0:00:15], next run at: 2026-01-07 09:09:05 +07)" executed successfully
2026-01-07 09:09:05,810 - INFO - Running job "Flush matured buckets (trigger: interval[0:00:15], next run at: 2026-01-07 09:09:20 +07)" (scheduled at 2026-01-07 09:09:05.806140+07:00)
2026-01-07 09:09:05,885 - INFO - Job "Flush matured buckets (trigger: interval[0:00:15], next run at: 2026-01-07 09:09:20 +07)" executed successfully
2026-01-07 09:09:20,820 - INFO - Running job "Flush matured buckets (trigger: interval[0:00:15], next run at: 2026-01-07 09:09:35 +07)" (scheduled at 2026-01-07 09:09:20.806140+07:00)
2026-01-07 09:09:20,887 - INFO - Job "Flush matured buckets (trigger: interval[0:00:15], next run at: 2026-01-07 09:09:35 +07)" executed successfully
2026-01-07 09:09:35,819 - INFO - Running job "Flush matured buckets (trigger: interval[0:00:15], next run at: 2026-01-07 09:09:50 +07)" (scheduled at 2026-01-07 09:09:35.806140+07:00)
2026-01-07 09:09:35,896 - INFO - Job "Flush matured buckets (trigger: interval[0:00:15], next run at: 2026-01-07 09:09:50 +07)" executed successfully
2026-01-07 09:09:50,816 - INFO - Running job "Flush matured buckets (trigger: interval[0:00:15], next run at: 2026-01-07 09:10:05 +07)" (scheduled at 2026-01-07 09:09:50.806140+07:00)
2026-01-07 09:09:50,896 - INFO - Job "Flush matured buckets (trigger: interval[0:00:15], next run at: 2026-01-07 09:10:05 +07)" executed successfully
2026-01-07 09:10:05,808 - INFO - Running job "Flush matured buckets (trigger: interval[0:00:15], next run at: 2026-01-07 09:10:20 +07)" (scheduled at 2026-01-07 09:10:05.806140+07:00)
2026-01-07 09:10:05,884 - INFO - Job "Flush matured buckets (trigger: interval[0:00:15], next run at: 2026-01-07 09:10:20 +07)" executed successfully
2026-01-07 09:10:20,822 - INFO - Running job "Flush matured buckets (trigger: interval[0:00:15], next run at: 2026-01-07 09:10:35 +07)" (scheduled at 2026-01-07 09:10:20.806140+07:00)
2026-01-07 09:10:20,897 - INFO - Job "Flush matured buckets (trigger: interval[0:00:15], next run at: 2026-01-07 09:10:35 +07)" executed successfully
2026-01-07 09:10:35,816 - INFO - Running job "Flush matured buckets (trigger: interval[0:00:15], next run at: 2026-01-07 09:10:50 +07)" (scheduled at 2026-01-07 09:10:35.806140+07:00)
2026-01-07 09:10:35,890 - INFO - Job "Flush matured buckets (trigger: interval[0:00:15], next run at: 2026-01-07 09:10:50 +07)" executed successfully
2026-01-07 09:10:50,815 - INFO - Running job "Flush matured buckets (trigger: interval[0:00:15], next run at: 2026-01-07 09:11:05 +07)" (scheduled at 2026-01-07 09:10:50.806140+07:00)
2026-01-07 09:10:50,882 - INFO - Job "Flush matured buckets (trigger: interval[0:00:15], next run at: 2026-01-07 09:11:05 +07)" executed successfully
2026-01-07 09:11:05,819 - INFO - Running job "Flush matured buckets (trigger: interval[0:00:15], next run at: 2026-01-07 09:11:20 +07)" (scheduled at 2026-01-07 09:11:05.806140+07:00)
2026-01-07 09:11:05,867 - INFO - Job "Flush matured buckets (trigger: interval[0:00:15], next run at: 2026-01-07 09:11:20 +07)" executed successfully
2026-01-07 09:11:20,814 - INFO - Running job "Flush matured buckets (trigger: interval[0:00:15], next run at: 2026-01-07 09:11:35 +07)" (scheduled at 2026-01-07 09:11:20.806140+07:00)
2026-01-07 09:11:20,885 - INFO - Job "Flush matured buckets (trigger: interval[0:00:15], next run at: 2026-01-07 09:11:35 +07)" executed successfully
2026-01-07 09:11:35,814 - INFO - Running job "Flush matured buckets (trigger: interval[0:00:15], next run at: 2026-01-07 09:11:50 +07)" (scheduled at 2026-01-07 09:11:35.806140+07:00)
2026-01-07 09:11:35,844 - INFO - Running job "Cleanup old buckets (trigger: interval[0:05:00], next run at: 2026-01-07 09:16:35 +07)" (scheduled at 2026-01-07 09:11:35.842100+07:00)
2026-01-07 09:11:35,879 - INFO - Job "Flush matured buckets (trigger: interval[0:00:15], next run at: 2026-01-07 09:11:50 +07)" executed successfully
2026-01-07 09:11:35,879 - INFO - Job "Cleanup old buckets (trigger: interval[0:05:00], next run at: 2026-01-07 09:16:35 +07)" executed successfully
2026-01-07 09:11:50,822 - INFO - Running job "Flush matured buckets (trigger: interval[0:00:15], next run at: 2026-01-07 09:12:05 +07)" (scheduled at 2026-01-07 09:11:50.806140+07:00)
2026-01-07 09:11:50,887 - INFO - Job "Flush matured buckets (trigger: interval[0:00:15], next run at: 2026-01-07 09:12:05 +07)" executed successfully
2026-01-07 09:12:05,814 - INFO - Running job "Flush matured buckets (trigger: interval[0:00:15], next run at: 2026-01-07 09:12:20 +07)" (scheduled at 2026-01-07 09:12:05.806140+07:00)
2026-01-07 09:12:05,885 - INFO - Job "Flush matured buckets (trigger: interval[0:00:15], next run at: 2026-01-07 09:12:20 +07)" executed successfully
2026-01-07 09:12:20,810 - INFO - Running job "Flush matured buckets (trigger: interval[0:00:15], next run at: 2026-01-07 09:12:35 +07)" (scheduled at 2026-01-07 09:12:20.806140+07:00)
2026-01-07 09:12:20,886 - INFO - Job "Flush matured buckets (trigger: interval[0:00:15], next run at: 2026-01-07 09:12:35 +07)" executed successfully
2026-01-07 09:12:35,815 - INFO - Running job "Flush matured buckets (trigger: interval[0:00:15], next run at: 2026-01-07 09:12:50 +07)" (scheduled at 2026-01-07 09:12:35.806140+07:00)
2026-01-07 09:12:35,891 - INFO - Job "Flush matured buckets (trigger: interval[0:00:15], next run at: 2026-01-07 09:12:50 +07)" executed successfully
2026-01-07 09:12:50,819 - INFO - Running job "Flush matured buckets (trigger: interval[0:00:15], next run at: 2026-01-07 09:13:05 +07)" (scheduled at 2026-01-07 09:12:50.806140+07:00)
2026-01-07 09:12:50,895 - INFO - Job "Flush matured buckets (trigger: interval[0:00:15], next run at: 2026-01-07 09:13:05 +07)" executed successfully
2026-01-07 09:13:05,808 - INFO - Running job "Flush matured buckets (trigger: interval[0:00:15], next run at: 2026-01-07 09:13:20 +07)" (scheduled at 2026-01-07 09:13:05.806140+07:00)
2026-01-07 09:13:05,870 - INFO - Job "Flush matured buckets (trigger: interval[0:00:15], next run at: 2026-01-07 09:13:20 +07)" executed successfully
2026-01-07 09:13:20,822 - INFO - Running job "Flush matured buckets (trigger: interval[0:00:15], next run at: 2026-01-07 09:13:35 +07)" (scheduled at 2026-01-07 09:13:20.806140+07:00)
2026-01-07 09:13:20,937 - INFO - Job "Flush matured buckets (trigger: interval[0:00:15], next run at: 2026-01-07 09:13:35 +07)" executed successfully
2026-01-07 09:13:35,809 - INFO - Running job "Flush matured buckets (trigger: interval[0:00:15], next run at: 2026-01-07 09:13:50 +07)" (scheduled at 2026-01-07 09:13:35.806140+07:00)
2026-01-07 09:13:35,875 - INFO - Job "Flush matured buckets (trigger: interval[0:00:15], next run at: 2026-01-07 09:13:50 +07)" executed successfully
2026-01-07 09:13:50,818 - INFO - Running job "Flush matured buckets (trigger: interval[0:00:15], next run at: 2026-01-07 09:14:05 +07)" (scheduled at 2026-01-07 09:13:50.806140+07:00)
2026-01-07 09:13:50,893 - INFO - Job "Flush matured buckets (trigger: interval[0:00:15], next run at: 2026-01-07 09:14:05 +07)" executed successfully
2026-01-07 09:14:05,812 - INFO - Running job "Flush matured buckets (trigger: interval[0:00:15], next run at: 2026-01-07 09:14:20 +07)" (scheduled at 2026-01-07 09:14:05.806140+07:00)
2026-01-07 09:14:05,872 - INFO - Job "Flush matured buckets (trigger: interval[0:00:15], next run at: 2026-01-07 09:14:20 +07)" executed successfully
2026-01-07 09:14:20,809 - INFO - Running job "Flush matured buckets (trigger: interval[0:00:15], next run at: 2026-01-07 09:14:35 +07)" (scheduled at 2026-01-07 09:14:20.806140+07:00)
2026-01-07 09:14:20,874 - INFO - Job "Flush matured buckets (trigger: interval[0:00:15], next run at: 2026-01-07 09:14:35 +07)" executed successfully
2026-01-07 09:14:35,813 - INFO - Running job "Flush matured buckets (trigger: interval[0:00:15], next run at: 2026-01-07 09:14:50 +07)" (scheduled at 2026-01-07 09:14:35.806140+07:00)
2026-01-07 09:14:35,884 - INFO - Job "Flush matured buckets (trigger: interval[0:00:15], next run at: 2026-01-07 09:14:50 +07)" executed successfully
2026-01-07 09:14:50,813 - INFO - Running job "Flush matured buckets (trigger: interval[0:00:15], next run at: 2026-01-07 09:15:05 +07)" (scheduled at 2026-01-07 09:14:50.806140+07:00)
2026-01-07 09:14:50,884 - INFO - Job "Flush matured buckets (trigger: interval[0:00:15], next run at: 2026-01-07 09:15:05 +07)" executed successfully
2026-01-07 09:15:05,817 - INFO - Running job "Flush matured buckets (trigger: interval[0:00:15], next run at: 2026-01-07 09:15:20 +07)" (scheduled at 2026-01-07 09:15:05.806140+07:00)
2026-01-07 09:15:05,876 - INFO - Job "Flush matured buckets (trigger: interval[0:00:15], next run at: 2026-01-07 09:15:20 +07)" executed successfully
2026-01-07 09:15:20,814 - INFO - Running job "Flush matured buckets (trigger: interval[0:00:15], next run at: 2026-01-07 09:15:35 +07)" (scheduled at 2026-01-07 09:15:20.806140+07:00)
2026-01-07 09:15:20,892 - INFO - Job "Flush matured buckets (trigger: interval[0:00:15], next run at: 2026-01-07 09:15:35 +07)" executed successfully
2026-01-07 09:15:35,811 - INFO - Running job "Flush matured buckets (trigger: interval[0:00:15], next run at: 2026-01-07 09:15:50 +07)" (scheduled at 2026-01-07 09:15:35.806140+07:00)
2026-01-07 09:15:35,889 - INFO - Job "Flush matured buckets (trigger: interval[0:00:15], next run at: 2026-01-07 09:15:50 +07)" executed successfully
2026-01-07 09:15:50,812 - INFO - Running job "Flush matured buckets (trigger: interval[0:00:15], next run at: 2026-01-07 09:16:05 +07)" (scheduled at 2026-01-07 09:15:50.806140+07:00)
2026-01-07 09:15:50,888 - INFO - Job "Flush matured buckets (trigger: interval[0:00:15], next run at: 2026-01-07 09:16:05 +07)" executed successfully
2026-01-07 09:16:05,814 - INFO - Running job "Flush matured buckets (trigger: interval[0:00:15], next run at: 2026-01-07 09:16:20 +07)" (scheduled at 2026-01-07 09:16:05.806140+07:00)
2026-01-07 09:16:05,872 - INFO - Job "Flush matured buckets (trigger: interval[0:00:15], next run at: 2026-01-07 09:16:20 +07)" executed successfully
2026-01-07 09:16:20,810 - INFO - Running job "Flush matured buckets (trigger: interval[0:00:15], next run at: 2026-01-07 09:16:35 +07)" (scheduled at 2026-01-07 09:16:20.806140+07:00)
2026-01-07 09:16:20,888 - INFO - Job "Flush matured buckets (trigger: interval[0:00:15], next run at: 2026-01-07 09:16:35 +07)" executed successfully
2026-01-07 09:16:35,820 - INFO - Running job "Flush matured buckets (trigger: interval[0:00:15], next run at: 2026-01-07 09:16:50 +07)" (scheduled at 2026-01-07 09:16:35.806140+07:00)
2026-01-07 09:16:35,852 - INFO - Running job "Cleanup old buckets (trigger: interval[0:05:00], next run at: 2026-01-07 09:21:35 +07)" (scheduled at 2026-01-07 09:16:35.842100+07:00)
2026-01-07 09:16:35,881 - INFO - Job "Cleanup old buckets (trigger: interval[0:05:00], next run at: 2026-01-07 09:21:35 +07)" executed successfully
2026-01-07 09:16:35,889 - INFO - Job "Flush matured buckets (trigger: interval[0:00:15], next run at: 2026-01-07 09:16:50 +07)" executed successfully
2026-01-07 09:16:50,810 - INFO - Running job "Flush matured buckets (trigger: interval[0:00:15], next run at: 2026-01-07 09:17:05 +07)" (scheduled at 2026-01-07 09:16:50.806140+07:00)
2026-01-07 09:16:50,876 - INFO - Job "Flush matured buckets (trigger: interval[0:00:15], next run at: 2026-01-07 09:17:05 +07)" executed successfully
2026-01-07 09:17:05,814 - INFO - Running job "Flush matured buckets (trigger: interval[0:00:15], next run at: 2026-01-07 09:17:20 +07)" (scheduled at 2026-01-07 09:17:05.806140+07:00)
2026-01-07 09:17:05,870 - INFO - Job "Flush matured buckets (trigger: interval[0:00:15], next run at: 2026-01-07 09:17:20 +07)" executed successfully
2026-01-07 09:17:20,813 - INFO - Running job "Flush matured buckets (trigger: interval[0:00:15], next run at: 2026-01-07 09:17:35 +07)" (scheduled at 2026-01-07 09:17:20.806140+07:00)
2026-01-07 09:17:20,886 - INFO - Job "Flush matured buckets (trigger: interval[0:00:15], next run at: 2026-01-07 09:17:35 +07)" executed successfully
2026-01-07 09:17:35,807 - INFO - Running job "Flush matured buckets (trigger: interval[0:00:15], next run at: 2026-01-07 09:17:50 +07)" (scheduled at 2026-01-07 09:17:35.806140+07:00)
2026-01-07 09:17:35,847 - INFO - Job "Flush matured buckets (trigger: interval[0:00:15], next run at: 2026-01-07 09:17:50 +07)" executed successfully
2026-01-07 09:17:50,812 - INFO - Running job "Flush matured buckets (trigger: interval[0:00:15], next run at: 2026-01-07 09:18:05 +07)" (scheduled at 2026-01-07 09:17:50.806140+07:00)
2026-01-07 09:17:50,870 - INFO - Job "Flush matured buckets (trigger: interval[0:00:15], next run at: 2026-01-07 09:18:05 +07)" executed successfully
2026-01-07 09:18:05,817 - INFO - Running job "Flush matured buckets (trigger: interval[0:00:15], next run at: 2026-01-07 09:18:20 +07)" (scheduled at 2026-01-07 09:18:05.806140+07:00)
2026-01-07 09:18:05,883 - INFO - Job "Flush matured buckets (trigger: interval[0:00:15], next run at: 2026-01-07 09:18:20 +07)" executed successfully
2026-01-07 09:18:20,806 - INFO - Running job "Flush matured buckets (trigger: interval[0:00:15], next run at: 2026-01-07 09:18:35 +07)" (scheduled at 2026-01-07 09:18:20.806140+07:00)
2026-01-07 09:18:20,884 - INFO - Job "Flush matured buckets (trigger: interval[0:00:15], next run at: 2026-01-07 09:18:35 +07)" executed successfully
2026-01-07 09:18:35,813 - INFO - Running job "Flush matured buckets (trigger: interval[0:00:15], next run at: 2026-01-07 09:18:50 +07)" (scheduled at 2026-01-07 09:18:35.806140+07:00)
2026-01-07 09:18:35,875 - INFO - Job "Flush matured buckets (trigger: interval[0:00:15], next run at: 2026-01-07 09:18:50 +07)" executed successfully
2026-01-07 09:18:50,820 - INFO - Running job "Flush matured buckets (trigger: interval[0:00:15], next run at: 2026-01-07 09:19:05 +07)" (scheduled at 2026-01-07 09:18:50.806140+07:00)
2026-01-07 09:18:50,896 - INFO - Job "Flush matured buckets (trigger: interval[0:00:15], next run at: 2026-01-07 09:19:05 +07)" executed successfully
2026-01-07 09:19:05,821 - INFO - Running job "Flush matured buckets (trigger: interval[0:00:15], next run at: 2026-01-07 09:19:20 +07)" (scheduled at 2026-01-07 09:19:05.806140+07:00)
2026-01-07 09:19:05,885 - INFO - Job "Flush matured buckets (trigger: interval[0:00:15], next run at: 2026-01-07 09:19:20 +07)" executed successfully
2026-01-07 09:19:20,813 - INFO - Running job "Flush matured buckets (trigger: interval[0:00:15], next run at: 2026-01-07 09:19:35 +07)" (scheduled at 2026-01-07 09:19:20.806140+07:00)
2026-01-07 09:19:20,955 - INFO - Job "Flush matured buckets (trigger: interval[0:00:15], next run at: 2026-01-07 09:19:35 +07)" executed successfully
2026-01-07 09:19:35,812 - INFO - Running job "Flush matured buckets (trigger: interval[0:00:15], next run at: 2026-01-07 09:19:50 +07)" (scheduled at 2026-01-07 09:19:35.806140+07:00)
2026-01-07 09:19:35,882 - INFO - Job "Flush matured buckets (trigger: interval[0:00:15], next run at: 2026-01-07 09:19:50 +07)" executed successfully
2026-01-07 09:19:50,809 - INFO - Running job "Flush matured buckets (trigger: interval[0:00:15], next run at: 2026-01-07 09:20:05 +07)" (scheduled at 2026-01-07 09:19:50.806140+07:00)
2026-01-07 09:19:50,885 - INFO - Job "Flush matured buckets (trigger: interval[0:00:15], next run at: 2026-01-07 09:20:05 +07)" executed successfully
2026-01-07 09:20:05,809 - INFO - Running job "Flush matured buckets (trigger: interval[0:00:15], next run at: 2026-01-07 09:20:20 +07)" (scheduled at 2026-01-07 09:20:05.806140+07:00)
2026-01-07 09:20:05,874 - INFO - Job "Flush matured buckets (trigger: interval[0:00:15], next run at: 2026-01-07 09:20:20 +07)" executed successfully
2026-01-07 09:20:20,823 - INFO - Running job "Flush matured buckets (trigger: interval[0:00:15], next run at: 2026-01-07 09:20:35 +07)" (scheduled at 2026-01-07 09:20:20.806140+07:00)
2026-01-07 09:20:20,898 - INFO - Job "Flush matured buckets (trigger: interval[0:00:15], next run at: 2026-01-07 09:20:35 +07)" executed successfully
2026-01-07 09:20:35,819 - INFO - Running job "Flush matured buckets (trigger: interval[0:00:15], next run at: 2026-01-07 09:20:50 +07)" (scheduled at 2026-01-07 09:20:35.806140+07:00)
2026-01-07 09:20:35,897 - INFO - Job "Flush matured buckets (trigger: interval[0:00:15], next run at: 2026-01-07 09:20:50 +07)" executed successfully
2026-01-07 09:20:50,814 - INFO - Running job "Flush matured buckets (trigger: interval[0:00:15], next run at: 2026-01-07 09:21:05 +07)" (scheduled at 2026-01-07 09:20:50.806140+07:00)
2026-01-07 09:20:50,892 - INFO - Job "Flush matured buckets (trigger: interval[0:00:15], next run at: 2026-01-07 09:21:05 +07)" executed successfully
2026-01-07 09:21:05,813 - INFO - Running job "Flush matured buckets (trigger: interval[0:00:15], next run at: 2026-01-07 09:21:20 +07)" (scheduled at 2026-01-07 09:21:05.806140+07:00)
2026-01-07 09:21:05,891 - INFO - Job "Flush matured buckets (trigger: interval[0:00:15], next run at: 2026-01-07 09:21:20 +07)" executed successfully
2026-01-07 09:21:20,807 - INFO - Running job "Flush matured buckets (trigger: interval[0:00:15], next run at: 2026-01-07 09:21:35 +07)" (scheduled at 2026-01-07 09:21:20.806140+07:00)
2026-01-07 09:21:20,882 - INFO - Job "Flush matured buckets (trigger: interval[0:00:15], next run at: 2026-01-07 09:21:35 +07)" executed successfully
2026-01-07 09:21:35,809 - INFO - Running job "Flush matured buckets (trigger: interval[0:00:15], next run at: 2026-01-07 09:21:50 +07)" (scheduled at 2026-01-07 09:21:35.806140+07:00)
2026-01-07 09:21:35,856 - INFO - Running job "Cleanup old buckets (trigger: interval[0:05:00], next run at: 2026-01-07 09:26:35 +07)" (scheduled at 2026-01-07 09:21:35.842100+07:00)
2026-01-07 09:21:35,887 - INFO - Job "Flush matured buckets (trigger: interval[0:00:15], next run at: 2026-01-07 09:21:50 +07)" executed successfully
2026-01-07 09:21:35,887 - INFO - Job "Cleanup old buckets (trigger: interval[0:05:00], next run at: 2026-01-07 09:26:35 +07)" executed successfully
2026-01-07 09:21:50,816 - INFO - Running job "Flush matured buckets (trigger: interval[0:00:15], next run at: 2026-01-07 09:22:05 +07)" (scheduled at 2026-01-07 09:21:50.806140+07:00)
2026-01-07 09:21:50,893 - INFO - Job "Flush matured buckets (trigger: interval[0:00:15], next run at: 2026-01-07 09:22:05 +07)" executed successfully
2026-01-07 09:22:05,813 - INFO - Running job "Flush matured buckets (trigger: interval[0:00:15], next run at: 2026-01-07 09:22:20 +07)" (scheduled at 2026-01-07 09:22:05.806140+07:00)
2026-01-07 09:22:05,918 - INFO - Job "Flush matured buckets (trigger: interval[0:00:15], next run at: 2026-01-07 09:22:20 +07)" executed successfully
2026-01-07 09:22:20,812 - INFO - Running job "Flush matured buckets (trigger: interval[0:00:15], next run at: 2026-01-07 09:22:35 +07)" (scheduled at 2026-01-07 09:22:20.806140+07:00)
2026-01-07 09:22:20,889 - INFO - Job "Flush matured buckets (trigger: interval[0:00:15], next run at: 2026-01-07 09:22:35 +07)" executed successfully
2026-01-07 09:22:35,810 - INFO - Running job "Flush matured buckets (trigger: interval[0:00:15], next run at: 2026-01-07 09:22:50 +07)" (scheduled at 2026-01-07 09:22:35.806140+07:00)
2026-01-07 09:22:35,888 - INFO - Job "Flush matured buckets (trigger: interval[0:00:15], next run at: 2026-01-07 09:22:50 +07)" executed successfully
2026-01-07 09:22:50,809 - INFO - Running job "Flush matured buckets (trigger: interval[0:00:15], next run at: 2026-01-07 09:23:05 +07)" (scheduled at 2026-01-07 09:22:50.806140+07:00)
2026-01-07 09:22:50,874 - INFO - Job "Flush matured buckets (trigger: interval[0:00:15], next run at: 2026-01-07 09:23:05 +07)" executed successfully
2026-01-07 09:23:05,811 - INFO - Running job "Flush matured buckets (trigger: interval[0:00:15], next run at: 2026-01-07 09:23:20 +07)" (scheduled at 2026-01-07 09:23:05.806140+07:00)
2026-01-07 09:23:05,854 - INFO - Job "Flush matured buckets (trigger: interval[0:00:15], next run at: 2026-01-07 09:23:20 +07)" executed successfully
2026-01-07 09:23:20,821 - INFO - Running job "Flush matured buckets (trigger: interval[0:00:15], next run at: 2026-01-07 09:23:35 +07)" (scheduled at 2026-01-07 09:23:20.806140+07:00)
2026-01-07 09:23:20,874 - INFO - Job "Flush matured buckets (trigger: interval[0:00:15], next run at: 2026-01-07 09:23:35 +07)" executed successfully
2026-01-07 09:23:35,814 - INFO - Running job "Flush matured buckets (trigger: interval[0:00:15], next run at: 2026-01-07 09:23:50 +07)" (scheduled at 2026-01-07 09:23:35.806140+07:00)
2026-01-07 09:23:35,883 - INFO - Job "Flush matured buckets (trigger: interval[0:00:15], next run at: 2026-01-07 09:23:50 +07)" executed successfully
2026-01-07 09:23:50,808 - INFO - Running job "Flush matured buckets (trigger: interval[0:00:15], next run at: 2026-01-07 09:24:05 +07)" (scheduled at 2026-01-07 09:23:50.806140+07:00)
2026-01-07 09:23:50,879 - INFO - Job "Flush matured buckets (trigger: interval[0:00:15], next run at: 2026-01-07 09:24:05 +07)" executed successfully
2026-01-07 09:24:05,816 - INFO - Running job "Flush matured buckets (trigger: interval[0:00:15], next run at: 2026-01-07 09:24:20 +07)" (scheduled at 2026-01-07 09:24:05.806140+07:00)
2026-01-07 09:24:05,887 - INFO - Job "Flush matured buckets (trigger: interval[0:00:15], next run at: 2026-01-07 09:24:20 +07)" executed successfully
2026-01-07 09:24:20,810 - INFO - Running job "Flush matured buckets (trigger: interval[0:00:15], next run at: 2026-01-07 09:24:35 +07)" (scheduled at 2026-01-07 09:24:20.806140+07:00)
2026-01-07 09:24:20,883 - INFO - Job "Flush matured buckets (trigger: interval[0:00:15], next run at: 2026-01-07 09:24:35 +07)" executed successfully
2026-01-07 09:24:35,818 - INFO - Running job "Flush matured buckets (trigger: interval[0:00:15], next run at: 2026-01-07 09:24:50 +07)" (scheduled at 2026-01-07 09:24:35.806140+07:00)
2026-01-07 09:24:35,879 - INFO - Job "Flush matured buckets (trigger: interval[0:00:15], next run at: 2026-01-07 09:24:50 +07)" executed successfully
2026-01-07 09:24:50,818 - INFO - Running job "Flush matured buckets (trigger: interval[0:00:15], next run at: 2026-01-07 09:25:05 +07)" (scheduled at 2026-01-07 09:24:50.806140+07:00)
2026-01-07 09:24:50,879 - INFO - Job "Flush matured buckets (trigger: interval[0:00:15], next run at: 2026-01-07 09:25:05 +07)" executed successfully
2026-01-07 09:25:05,816 - INFO - Running job "Flush matured buckets (trigger: interval[0:00:15], next run at: 2026-01-07 09:25:20 +07)" (scheduled at 2026-01-07 09:25:05.806140+07:00)
2026-01-07 09:25:05,875 - INFO - Job "Flush matured buckets (trigger: interval[0:00:15], next run at: 2026-01-07 09:25:20 +07)" executed successfully
2026-01-07 09:25:20,810 - INFO - Running job "Flush matured buckets (trigger: interval[0:00:15], next run at: 2026-01-07 09:25:35 +07)" (scheduled at 2026-01-07 09:25:20.806140+07:00)
2026-01-07 09:25:20,881 - INFO - Job "Flush matured buckets (trigger: interval[0:00:15], next run at: 2026-01-07 09:25:35 +07)" executed successfully
2026-01-07 09:25:35,818 - INFO - Running job "Flush matured buckets (trigger: interval[0:00:15], next run at: 2026-01-07 09:25:50 +07)" (scheduled at 2026-01-07 09:25:35.806140+07:00)
2026-01-07 09:25:35,889 - INFO - Job "Flush matured buckets (trigger: interval[0:00:15], next run at: 2026-01-07 09:25:50 +07)" executed successfully
2026-01-07 09:25:50,819 - INFO - Running job "Flush matured buckets (trigger: interval[0:00:15], next run at: 2026-01-07 09:26:05 +07)" (scheduled at 2026-01-07 09:25:50.806140+07:00)
2026-01-07 09:25:50,888 - INFO - Job "Flush matured buckets (trigger: interval[0:00:15], next run at: 2026-01-07 09:26:05 +07)" executed successfully
2026-01-07 09:26:05,811 - INFO - Running job "Flush matured buckets (trigger: interval[0:00:15], next run at: 2026-01-07 09:26:20 +07)" (scheduled at 2026-01-07 09:26:05.806140+07:00)
2026-01-07 09:26:05,931 - INFO - Job "Flush matured buckets (trigger: interval[0:00:15], next run at: 2026-01-07 09:26:20 +07)" executed successfully
2026-01-07 09:26:20,809 - INFO - Running job "Flush matured buckets (trigger: interval[0:00:15], next run at: 2026-01-07 09:26:35 +07)" (scheduled at 2026-01-07 09:26:20.806140+07:00)
2026-01-07 09:26:20,885 - INFO - Job "Flush matured buckets (trigger: interval[0:00:15], next run at: 2026-01-07 09:26:35 +07)" executed successfully
2026-01-07 09:26:35,811 - INFO - Running job "Flush matured buckets (trigger: interval[0:00:15], next run at: 2026-01-07 09:26:50 +07)" (scheduled at 2026-01-07 09:26:35.806140+07:00)
2026-01-07 09:26:35,843 - INFO - Running job "Cleanup old buckets (trigger: interval[0:05:00], next run at: 2026-01-07 09:31:35 +07)" (scheduled at 2026-01-07 09:26:35.842100+07:00)
2026-01-07 09:26:35,872 - INFO - Job "Flush matured buckets (trigger: interval[0:00:15], next run at: 2026-01-07 09:26:50 +07)" executed successfully
2026-01-07 09:26:35,872 - INFO - Job "Cleanup old buckets (trigger: interval[0:05:00], next run at: 2026-01-07 09:31:35 +07)" executed successfully
2026-01-07 09:26:50,809 - INFO - Running job "Flush matured buckets (trigger: interval[0:00:15], next run at: 2026-01-07 09:27:05 +07)" (scheduled at 2026-01-07 09:26:50.806140+07:00)
2026-01-07 09:26:50,878 - INFO - Job "Flush matured buckets (trigger: interval[0:00:15], next run at: 2026-01-07 09:27:05 +07)" executed successfully
2026-01-07 09:27:05,816 - INFO - Running job "Flush matured buckets (trigger: interval[0:00:15], next run at: 2026-01-07 09:27:20 +07)" (scheduled at 2026-01-07 09:27:05.806140+07:00)
2026-01-07 09:27:05,876 - INFO - Job "Flush matured buckets (trigger: interval[0:00:15], next run at: 2026-01-07 09:27:20 +07)" executed successfully
2026-01-07 09:27:20,821 - INFO - Running job "Flush matured buckets (trigger: interval[0:00:15], next run at: 2026-01-07 09:27:35 +07)" (scheduled at 2026-01-07 09:27:20.806140+07:00)
2026-01-07 09:27:20,873 - INFO - Job "Flush matured buckets (trigger: interval[0:00:15], next run at: 2026-01-07 09:27:35 +07)" executed successfully
2026-01-07 09:27:35,821 - INFO - Running job "Flush matured buckets (trigger: interval[0:00:15], next run at: 2026-01-07 09:27:50 +07)" (scheduled at 2026-01-07 09:27:35.806140+07:00)
2026-01-07 09:27:35,892 - INFO - Job "Flush matured buckets (trigger: interval[0:00:15], next run at: 2026-01-07 09:27:50 +07)" executed successfully
2026-01-07 09:27:50,817 - INFO - Running job "Flush matured buckets (trigger: interval[0:00:15], next run at: 2026-01-07 09:28:05 +07)" (scheduled at 2026-01-07 09:27:50.806140+07:00)
2026-01-07 09:27:50,887 - INFO - Job "Flush matured buckets (trigger: interval[0:00:15], next run at: 2026-01-07 09:28:05 +07)" executed successfully
2026-01-07 09:28:05,813 - INFO - Running job "Flush matured buckets (trigger: interval[0:00:15], next run at: 2026-01-07 09:28:20 +07)" (scheduled at 2026-01-07 09:28:05.806140+07:00)
2026-01-07 09:28:05,841 - INFO - Job "Flush matured buckets (trigger: interval[0:00:15], next run at: 2026-01-07 09:28:20 +07)" executed successfully
2026-01-07 09:28:20,819 - INFO - Running job "Flush matured buckets (trigger: interval[0:00:15], next run at: 2026-01-07 09:28:35 +07)" (scheduled at 2026-01-07 09:28:20.806140+07:00)
2026-01-07 09:28:20,878 - INFO - Job "Flush matured buckets (trigger: interval[0:00:15], next run at: 2026-01-07 09:28:35 +07)" executed successfully
2026-01-07 09:28:35,815 - INFO - Running job "Flush matured buckets (trigger: interval[0:00:15], next run at: 2026-01-07 09:28:50 +07)" (scheduled at 2026-01-07 09:28:35.806140+07:00)
2026-01-07 09:28:35,883 - INFO - Job "Flush matured buckets (trigger: interval[0:00:15], next run at: 2026-01-07 09:28:50 +07)" executed successfully
2026-01-07 09:28:50,807 - INFO - Running job "Flush matured buckets (trigger: interval[0:00:15], next run at: 2026-01-07 09:29:05 +07)" (scheduled at 2026-01-07 09:28:50.806140+07:00)
2026-01-07 09:28:50,868 - INFO - Job "Flush matured buckets (trigger: interval[0:00:15], next run at: 2026-01-07 09:29:05 +07)" executed successfully
2026-01-07 09:29:05,817 - INFO - Running job "Flush matured buckets (trigger: interval[0:00:15], next run at: 2026-01-07 09:29:20 +07)" (scheduled at 2026-01-07 09:29:05.806140+07:00)
2026-01-07 09:29:05,877 - INFO - Job "Flush matured buckets (trigger: interval[0:00:15], next run at: 2026-01-07 09:29:20 +07)" executed successfully
2026-01-07 09:29:20,810 - INFO - Running job "Flush matured buckets (trigger: interval[0:00:15], next run at: 2026-01-07 09:29:35 +07)" (scheduled at 2026-01-07 09:29:20.806140+07:00)
2026-01-07 09:29:20,849 - INFO - Job "Flush matured buckets (trigger: interval[0:00:15], next run at: 2026-01-07 09:29:35 +07)" executed successfully
2026-01-07 09:29:35,815 - INFO - Running job "Flush matured buckets (trigger: interval[0:00:15], next run at: 2026-01-07 09:29:50 +07)" (scheduled at 2026-01-07 09:29:35.806140+07:00)
2026-01-07 09:29:35,885 - INFO - Job "Flush matured buckets (trigger: interval[0:00:15], next run at: 2026-01-07 09:29:50 +07)" executed successfully
2026-01-07 09:29:50,815 - INFO - Running job "Flush matured buckets (trigger: interval[0:00:15], next run at: 2026-01-07 09:30:05 +07)" (scheduled at 2026-01-07 09:29:50.806140+07:00)
2026-01-07 09:29:50,870 - INFO - Job "Flush matured buckets (trigger: interval[0:00:15], next run at: 2026-01-07 09:30:05 +07)" executed successfully
2026-01-07 09:30:05,809 - INFO - Running job "Flush matured buckets (trigger: interval[0:00:15], next run at: 2026-01-07 09:30:20 +07)" (scheduled at 2026-01-07 09:30:05.806140+07:00)
2026-01-07 09:30:05,871 - INFO - Job "Flush matured buckets (trigger: interval[0:00:15], next run at: 2026-01-07 09:30:20 +07)" executed successfully
2026-01-07 09:30:20,812 - INFO - Running job "Flush matured buckets (trigger: interval[0:00:15], next run at: 2026-01-07 09:30:35 +07)" (scheduled at 2026-01-07 09:30:20.806140+07:00)
2026-01-07 09:30:20,881 - INFO - Job "Flush matured buckets (trigger: interval[0:00:15], next run at: 2026-01-07 09:30:35 +07)" executed successfully
2026-01-07 09:30:35,809 - INFO - Running job "Flush matured buckets (trigger: interval[0:00:15], next run at: 2026-01-07 09:30:50 +07)" (scheduled at 2026-01-07 09:30:35.806140+07:00)
2026-01-07 09:30:35,878 - INFO - Job "Flush matured buckets (trigger: interval[0:00:15], next run at: 2026-01-07 09:30:50 +07)" executed successfully
2026-01-07 09:30:50,821 - INFO - Running job "Flush matured buckets (trigger: interval[0:00:15], next run at: 2026-01-07 09:31:05 +07)" (scheduled at 2026-01-07 09:30:50.806140+07:00)
2026-01-07 09:30:50,876 - INFO - Job "Flush matured buckets (trigger: interval[0:00:15], next run at: 2026-01-07 09:31:05 +07)" executed successfully
2026-01-07 09:31:05,818 - INFO - Running job "Flush matured buckets (trigger: interval[0:00:15], next run at: 2026-01-07 09:31:20 +07)" (scheduled at 2026-01-07 09:31:05.806140+07:00)
2026-01-07 09:31:05,857 - INFO - Job "Flush matured buckets (trigger: interval[0:00:15], next run at: 2026-01-07 09:31:20 +07)" executed successfully
2026-01-07 09:31:20,807 - INFO - Running job "Flush matured buckets (trigger: interval[0:00:15], next run at: 2026-01-07 09:31:35 +07)" (scheduled at 2026-01-07 09:31:20.806140+07:00)
2026-01-07 09:31:20,845 - INFO - Job "Flush matured buckets (trigger: interval[0:00:15], next run at: 2026-01-07 09:31:35 +07)" executed successfully
2026-01-07 09:31:35,811 - INFO - Running job "Flush matured buckets (trigger: interval[0:00:15], next run at: 2026-01-07 09:31:50 +07)" (scheduled at 2026-01-07 09:31:35.806140+07:00)
2026-01-07 09:31:35,848 - INFO - Job "Flush matured buckets (trigger: interval[0:00:15], next run at: 2026-01-07 09:31:50 +07)" executed successfully
2026-01-07 09:31:35,858 - INFO - Running job "Cleanup old buckets (trigger: interval[0:05:00], next run at: 2026-01-07 09:36:35 +07)" (scheduled at 2026-01-07 09:31:35.842100+07:00)
2026-01-07 09:31:35,859 - INFO - Job "Cleanup old buckets (trigger: interval[0:05:00], next run at: 2026-01-07 09:36:35 +07)" executed successfully
2026-01-07 09:31:50,820 - INFO - Running job "Flush matured buckets (trigger: interval[0:00:15], next run at: 2026-01-07 09:32:05 +07)" (scheduled at 2026-01-07 09:31:50.806140+07:00)
2026-01-07 09:31:50,859 - INFO - Job "Flush matured buckets (trigger: interval[0:00:15], next run at: 2026-01-07 09:32:05 +07)" executed successfully
2026-01-07 09:32:05,820 - INFO - Running job "Flush matured buckets (trigger: interval[0:00:15], next run at: 2026-01-07 09:32:20 +07)" (scheduled at 2026-01-07 09:32:05.806140+07:00)
2026-01-07 09:32:05,877 - INFO - Job "Flush matured buckets (trigger: interval[0:00:15], next run at: 2026-01-07 09:32:20 +07)" executed successfully
2026-01-07 09:32:20,822 - INFO - Running job "Flush matured buckets (trigger: interval[0:00:15], next run at: 2026-01-07 09:32:35 +07)" (scheduled at 2026-01-07 09:32:20.806140+07:00)
2026-01-07 09:32:20,891 - INFO - Job "Flush matured buckets (trigger: interval[0:00:15], next run at: 2026-01-07 09:32:35 +07)" executed successfully
2026-01-07 09:32:35,808 - INFO - Running job "Flush matured buckets (trigger: interval[0:00:15], next run at: 2026-01-07 09:32:50 +07)" (scheduled at 2026-01-07 09:32:35.806140+07:00)
2026-01-07 09:32:35,858 - INFO - Job "Flush matured buckets (trigger: interval[0:00:15], next run at: 2026-01-07 09:32:50 +07)" executed successfully
2026-01-07 09:32:50,816 - INFO - Running job "Flush matured buckets (trigger: interval[0:00:15], next run at: 2026-01-07 09:33:05 +07)" (scheduled at 2026-01-07 09:32:50.806140+07:00)
2026-01-07 09:32:50,885 - INFO - Job "Flush matured buckets (trigger: interval[0:00:15], next run at: 2026-01-07 09:33:05 +07)" executed successfully
2026-01-07 09:33:05,817 - INFO - Running job "Flush matured buckets (trigger: interval[0:00:15], next run at: 2026-01-07 09:33:20 +07)" (scheduled at 2026-01-07 09:33:05.806140+07:00)
2026-01-07 09:33:05,873 - INFO - Job "Flush matured buckets (trigger: interval[0:00:15], next run at: 2026-01-07 09:33:20 +07)" executed successfully
2026-01-07 09:33:20,807 - INFO - Running job "Flush matured buckets (trigger: interval[0:00:15], next run at: 2026-01-07 09:33:35 +07)" (scheduled at 2026-01-07 09:33:20.806140+07:00)
2026-01-07 09:33:20,947 - INFO - Job "Flush matured buckets (trigger: interval[0:00:15], next run at: 2026-01-07 09:33:35 +07)" executed successfully
2026-01-07 09:33:35,808 - INFO - Running job "Flush matured buckets (trigger: interval[0:00:15], next run at: 2026-01-07 09:33:50 +07)" (scheduled at 2026-01-07 09:33:35.806140+07:00)
2026-01-07 09:33:35,847 - INFO - Job "Flush matured buckets (trigger: interval[0:00:15], next run at: 2026-01-07 09:33:50 +07)" executed successfully
2026-01-07 09:33:50,812 - INFO - Running job "Flush matured buckets (trigger: interval[0:00:15], next run at: 2026-01-07 09:34:05 +07)" (scheduled at 2026-01-07 09:33:50.806140+07:00)
2026-01-07 09:33:50,887 - INFO - Job "Flush matured buckets (trigger: interval[0:00:15], next run at: 2026-01-07 09:34:05 +07)" executed successfully
2026-01-07 09:34:05,810 - INFO - Running job "Flush matured buckets (trigger: interval[0:00:15], next run at: 2026-01-07 09:34:20 +07)" (scheduled at 2026-01-07 09:34:05.806140+07:00)
2026-01-07 09:34:05,886 - INFO - Job "Flush matured buckets (trigger: interval[0:00:15], next run at: 2026-01-07 09:34:20 +07)" executed successfully
2026-01-07 09:34:20,819 - INFO - Running job "Flush matured buckets (trigger: interval[0:00:15], next run at: 2026-01-07 09:34:35 +07)" (scheduled at 2026-01-07 09:34:20.806140+07:00)
2026-01-07 09:34:20,898 - INFO - Job "Flush matured buckets (trigger: interval[0:00:15], next run at: 2026-01-07 09:34:35 +07)" executed successfully
2026-01-07 09:34:35,815 - INFO - Running job "Flush matured buckets (trigger: interval[0:00:15], next run at: 2026-01-07 09:34:50 +07)" (scheduled at 2026-01-07 09:34:35.806140+07:00)
2026-01-07 09:34:35,859 - INFO - Job "Flush matured buckets (trigger: interval[0:00:15], next run at: 2026-01-07 09:34:50 +07)" executed successfully
2026-01-07 09:34:50,815 - INFO - Running job "Flush matured buckets (trigger: interval[0:00:15], next run at: 2026-01-07 09:35:05 +07)" (scheduled at 2026-01-07 09:34:50.806140+07:00)
2026-01-07 09:34:50,913 - INFO - Job "Flush matured buckets (trigger: interval[0:00:15], next run at: 2026-01-07 09:35:05 +07)" executed successfully
2026-01-07 09:35:05,818 - INFO - Running job "Flush matured buckets (trigger: interval[0:00:15], next run at: 2026-01-07 09:35:20 +07)" (scheduled at 2026-01-07 09:35:05.806140+07:00)
2026-01-07 09:35:05,864 - INFO - Job "Flush matured buckets (trigger: interval[0:00:15], next run at: 2026-01-07 09:35:20 +07)" executed successfully
2026-01-07 09:35:20,814 - INFO - Running job "Flush matured buckets (trigger: interval[0:00:15], next run at: 2026-01-07 09:35:35 +07)" (scheduled at 2026-01-07 09:35:20.806140+07:00)
2026-01-07 09:35:20,888 - INFO - Job "Flush matured buckets (trigger: interval[0:00:15], next run at: 2026-01-07 09:35:35 +07)" executed successfully
2026-01-07 09:35:35,819 - INFO - Running job "Flush matured buckets (trigger: interval[0:00:15], next run at: 2026-01-07 09:35:50 +07)" (scheduled at 2026-01-07 09:35:35.806140+07:00)
2026-01-07 09:35:35,872 - INFO - Job "Flush matured buckets (trigger: interval[0:00:15], next run at: 2026-01-07 09:35:50 +07)" executed successfully
2026-01-07 09:35:50,816 - INFO - Running job "Flush matured buckets (trigger: interval[0:00:15], next run at: 2026-01-07 09:36:05 +07)" (scheduled at 2026-01-07 09:35:50.806140+07:00)
2026-01-07 09:35:50,890 - INFO - Job "Flush matured buckets (trigger: interval[0:00:15], next run at: 2026-01-07 09:36:05 +07)" executed successfully
2026-01-07 09:36:05,821 - INFO - Running job "Flush matured buckets (trigger: interval[0:00:15], next run at: 2026-01-07 09:36:20 +07)" (scheduled at 2026-01-07 09:36:05.806140+07:00)
2026-01-07 09:36:05,883 - INFO - Job "Flush matured buckets (trigger: interval[0:00:15], next run at: 2026-01-07 09:36:20 +07)" executed successfully
2026-01-07 09:36:20,814 - INFO - Running job "Flush matured buckets (trigger: interval[0:00:15], next run at: 2026-01-07 09:36:35 +07)" (scheduled at 2026-01-07 09:36:20.806140+07:00)
2026-01-07 09:36:20,890 - INFO - Job "Flush matured buckets (trigger: interval[0:00:15], next run at: 2026-01-07 09:36:35 +07)" executed successfully
2026-01-07 09:36:35,811 - INFO - Running job "Flush matured buckets (trigger: interval[0:00:15], next run at: 2026-01-07 09:36:50 +07)" (scheduled at 2026-01-07 09:36:35.806140+07:00)
2026-01-07 09:36:35,842 - INFO - Running job "Cleanup old buckets (trigger: interval[0:05:00], next run at: 2026-01-07 09:41:35 +07)" (scheduled at 2026-01-07 09:36:35.842100+07:00)
2026-01-07 09:36:35,857 - INFO - Job "Cleanup old buckets (trigger: interval[0:05:00], next run at: 2026-01-07 09:41:35 +07)" executed successfully
2026-01-07 09:36:35,879 - INFO - Job "Flush matured buckets (trigger: interval[0:00:15], next run at: 2026-01-07 09:36:50 +07)" executed successfully
2026-01-07 09:36:50,815 - INFO - Running job "Flush matured buckets (trigger: interval[0:00:15], next run at: 2026-01-07 09:37:05 +07)" (scheduled at 2026-01-07 09:36:50.806140+07:00)
2026-01-07 09:36:50,890 - INFO - Job "Flush matured buckets (trigger: interval[0:00:15], next run at: 2026-01-07 09:37:05 +07)" executed successfully
2026-01-07 09:37:05,813 - INFO - Running job "Flush matured buckets (trigger: interval[0:00:15], next run at: 2026-01-07 09:37:20 +07)" (scheduled at 2026-01-07 09:37:05.806140+07:00)
2026-01-07 09:37:05,886 - INFO - Job "Flush matured buckets (trigger: interval[0:00:15], next run at: 2026-01-07 09:37:20 +07)" executed successfully
2026-01-07 09:37:20,810 - INFO - Running job "Flush matured buckets (trigger: interval[0:00:15], next run at: 2026-01-07 09:37:35 +07)" (scheduled at 2026-01-07 09:37:20.806140+07:00)
2026-01-07 09:37:20,889 - INFO - Job "Flush matured buckets (trigger: interval[0:00:15], next run at: 2026-01-07 09:37:35 +07)" executed successfully
2026-01-07 09:37:35,821 - INFO - Running job "Flush matured buckets (trigger: interval[0:00:15], next run at: 2026-01-07 09:37:50 +07)" (scheduled at 2026-01-07 09:37:35.806140+07:00)
2026-01-07 09:37:35,883 - INFO - Job "Flush matured buckets (trigger: interval[0:00:15], next run at: 2026-01-07 09:37:50 +07)" executed successfully
2026-01-07 09:37:50,817 - INFO - Running job "Flush matured buckets (trigger: interval[0:00:15], next run at: 2026-01-07 09:38:05 +07)" (scheduled at 2026-01-07 09:37:50.806140+07:00)
2026-01-07 09:37:50,880 - INFO - Job "Flush matured buckets (trigger: interval[0:00:15], next run at: 2026-01-07 09:38:05 +07)" executed successfully
2026-01-07 09:38:05,817 - INFO - Running job "Flush matured buckets (trigger: interval[0:00:15], next run at: 2026-01-07 09:38:20 +07)" (scheduled at 2026-01-07 09:38:05.806140+07:00)
2026-01-07 09:38:05,925 - INFO - Job "Flush matured buckets (trigger: interval[0:00:15], next run at: 2026-01-07 09:38:20 +07)" executed successfully
2026-01-07 09:38:20,812 - INFO - Running job "Flush matured buckets (trigger: interval[0:00:15], next run at: 2026-01-07 09:38:35 +07)" (scheduled at 2026-01-07 09:38:20.806140+07:00)
2026-01-07 09:38:20,888 - INFO - Job "Flush matured buckets (trigger: interval[0:00:15], next run at: 2026-01-07 09:38:35 +07)" executed successfully
2026-01-07 09:38:35,811 - INFO - Running job "Flush matured buckets (trigger: interval[0:00:15], next run at: 2026-01-07 09:38:50 +07)" (scheduled at 2026-01-07 09:38:35.806140+07:00)
2026-01-07 09:38:35,884 - INFO - Job "Flush matured buckets (trigger: interval[0:00:15], next run at: 2026-01-07 09:38:50 +07)" executed successfully
2026-01-07 09:38:50,816 - INFO - Running job "Flush matured buckets (trigger: interval[0:00:15], next run at: 2026-01-07 09:39:05 +07)" (scheduled at 2026-01-07 09:38:50.806140+07:00)
2026-01-07 09:38:50,889 - INFO - Job "Flush matured buckets (trigger: interval[0:00:15], next run at: 2026-01-07 09:39:05 +07)" executed successfully
2026-01-07 09:39:05,817 - INFO - Running job "Flush matured buckets (trigger: interval[0:00:15], next run at: 2026-01-07 09:39:20 +07)" (scheduled at 2026-01-07 09:39:05.806140+07:00)
2026-01-07 09:39:05,892 - INFO - Job "Flush matured buckets (trigger: interval[0:00:15], next run at: 2026-01-07 09:39:20 +07)" executed successfully
2026-01-07 09:39:20,819 - INFO - Running job "Flush matured buckets (trigger: interval[0:00:15], next run at: 2026-01-07 09:39:35 +07)" (scheduled at 2026-01-07 09:39:20.806140+07:00)
2026-01-07 09:39:20,863 - INFO - Job "Flush matured buckets (trigger: interval[0:00:15], next run at: 2026-01-07 09:39:35 +07)" executed successfully
2026-01-07 09:39:35,807 - INFO - Running job "Flush matured buckets (trigger: interval[0:00:15], next run at: 2026-01-07 09:39:50 +07)" (scheduled at 2026-01-07 09:39:35.806140+07:00)
2026-01-07 09:39:35,881 - INFO - Job "Flush matured buckets (trigger: interval[0:00:15], next run at: 2026-01-07 09:39:50 +07)" executed successfully
2026-01-07 09:39:50,811 - INFO - Running job "Flush matured buckets (trigger: interval[0:00:15], next run at: 2026-01-07 09:40:05 +07)" (scheduled at 2026-01-07 09:39:50.806140+07:00)
2026-01-07 09:39:50,881 - INFO - Job "Flush matured buckets (trigger: interval[0:00:15], next run at: 2026-01-07 09:40:05 +07)" executed successfully
2026-01-07 09:40:05,810 - INFO - Running job "Flush matured buckets (trigger: interval[0:00:15], next run at: 2026-01-07 09:40:20 +07)" (scheduled at 2026-01-07 09:40:05.806140+07:00)
2026-01-07 09:40:05,886 - INFO - Job "Flush matured buckets (trigger: interval[0:00:15], next run at: 2026-01-07 09:40:20 +07)" executed successfully
2026-01-07 09:40:20,818 - INFO - Running job "Flush matured buckets (trigger: interval[0:00:15], next run at: 2026-01-07 09:40:35 +07)" (scheduled at 2026-01-07 09:40:20.806140+07:00)
2026-01-07 09:40:20,895 - INFO - Job "Flush matured buckets (trigger: interval[0:00:15], next run at: 2026-01-07 09:40:35 +07)" executed successfully
2026-01-07 09:40:35,810 - INFO - Running job "Flush matured buckets (trigger: interval[0:00:15], next run at: 2026-01-07 09:40:50 +07)" (scheduled at 2026-01-07 09:40:35.806140+07:00)
2026-01-07 09:40:35,885 - INFO - Job "Flush matured buckets (trigger: interval[0:00:15], next run at: 2026-01-07 09:40:50 +07)" executed successfully
2026-01-07 09:40:50,820 - INFO - Running job "Flush matured buckets (trigger: interval[0:00:15], next run at: 2026-01-07 09:41:05 +07)" (scheduled at 2026-01-07 09:40:50.806140+07:00)
2026-01-07 09:40:50,891 - INFO - Job "Flush matured buckets (trigger: interval[0:00:15], next run at: 2026-01-07 09:41:05 +07)" executed successfully
2026-01-07 09:41:05,812 - INFO - Running job "Flush matured buckets (trigger: interval[0:00:15], next run at: 2026-01-07 09:41:20 +07)" (scheduled at 2026-01-07 09:41:05.806140+07:00)
2026-01-07 09:41:05,905 - INFO - Job "Flush matured buckets (trigger: interval[0:00:15], next run at: 2026-01-07 09:41:20 +07)" executed successfully
2026-01-07 09:41:20,812 - INFO - Running job "Flush matured buckets (trigger: interval[0:00:15], next run at: 2026-01-07 09:41:35 +07)" (scheduled at 2026-01-07 09:41:20.806140+07:00)
2026-01-07 09:41:20,888 - INFO - Job "Flush matured buckets (trigger: interval[0:00:15], next run at: 2026-01-07 09:41:35 +07)" executed successfully
2026-01-07 09:41:35,808 - INFO - Running job "Flush matured buckets (trigger: interval[0:00:15], next run at: 2026-01-07 09:41:50 +07)" (scheduled at 2026-01-07 09:41:35.806140+07:00)
2026-01-07 09:41:35,855 - INFO - Running job "Cleanup old buckets (trigger: interval[0:05:00], next run at: 2026-01-07 09:46:35 +07)" (scheduled at 2026-01-07 09:41:35.842100+07:00)
2026-01-07 09:41:35,859 - INFO - Job "Cleanup old buckets (trigger: interval[0:05:00], next run at: 2026-01-07 09:46:35 +07)" executed successfully
2026-01-07 09:41:35,878 - INFO - Job "Flush matured buckets (trigger: interval[0:00:15], next run at: 2026-01-07 09:41:50 +07)" executed successfully
2026-01-07 09:41:50,807 - INFO - Running job "Flush matured buckets (trigger: interval[0:00:15], next run at: 2026-01-07 09:42:05 +07)" (scheduled at 2026-01-07 09:41:50.806140+07:00)
2026-01-07 09:41:50,852 - INFO - Job "Flush matured buckets (trigger: interval[0:00:15], next run at: 2026-01-07 09:42:05 +07)" executed successfully
2026-01-07 09:42:05,812 - INFO - Running job "Flush matured buckets (trigger: interval[0:00:15], next run at: 2026-01-07 09:42:20 +07)" (scheduled at 2026-01-07 09:42:05.806140+07:00)
2026-01-07 09:42:05,880 - INFO - Job "Flush matured buckets (trigger: interval[0:00:15], next run at: 2026-01-07 09:42:20 +07)" executed successfully
2026-01-07 09:42:20,811 - INFO - Running job "Flush matured buckets (trigger: interval[0:00:15], next run at: 2026-01-07 09:42:35 +07)" (scheduled at 2026-01-07 09:42:20.806140+07:00)
2026-01-07 09:42:20,874 - INFO - Job "Flush matured buckets (trigger: interval[0:00:15], next run at: 2026-01-07 09:42:35 +07)" executed successfully
2026-01-07 09:42:35,816 - INFO - Running job "Flush matured buckets (trigger: interval[0:00:15], next run at: 2026-01-07 09:42:50 +07)" (scheduled at 2026-01-07 09:42:35.806140+07:00)
2026-01-07 09:42:35,876 - INFO - Job "Flush matured buckets (trigger: interval[0:00:15], next run at: 2026-01-07 09:42:50 +07)" executed successfully
2026-01-07 09:42:50,817 - INFO - Running job "Flush matured buckets (trigger: interval[0:00:15], next run at: 2026-01-07 09:43:05 +07)" (scheduled at 2026-01-07 09:42:50.806140+07:00)
2026-01-07 09:42:50,885 - INFO - Job "Flush matured buckets (trigger: interval[0:00:15], next run at: 2026-01-07 09:43:05 +07)" executed successfully
2026-01-07 09:43:05,817 - INFO - Running job "Flush matured buckets (trigger: interval[0:00:15], next run at: 2026-01-07 09:43:20 +07)" (scheduled at 2026-01-07 09:43:05.806140+07:00)
2026-01-07 09:43:05,877 - INFO - Job "Flush matured buckets (trigger: interval[0:00:15], next run at: 2026-01-07 09:43:20 +07)" executed successfully
2026-01-07 09:43:20,806 - INFO - Running job "Flush matured buckets (trigger: interval[0:00:15], next run at: 2026-01-07 09:43:35 +07)" (scheduled at 2026-01-07 09:43:20.806140+07:00)
2026-01-07 09:43:20,875 - INFO - Job "Flush matured buckets (trigger: interval[0:00:15], next run at: 2026-01-07 09:43:35 +07)" executed successfully
2026-01-07 09:43:35,820 - INFO - Running job "Flush matured buckets (trigger: interval[0:00:15], next run at: 2026-01-07 09:43:50 +07)" (scheduled at 2026-01-07 09:43:35.806140+07:00)
2026-01-07 09:43:35,856 - INFO - Job "Flush matured buckets (trigger: interval[0:00:15], next run at: 2026-01-07 09:43:50 +07)" executed successfully
2026-01-07 09:43:50,816 - INFO - Running job "Flush matured buckets (trigger: interval[0:00:15], next run at: 2026-01-07 09:44:05 +07)" (scheduled at 2026-01-07 09:43:50.806140+07:00)
2026-01-07 09:43:50,890 - INFO - Job "Flush matured buckets (trigger: interval[0:00:15], next run at: 2026-01-07 09:44:05 +07)" executed successfully
2026-01-07 09:44:05,820 - INFO - Running job "Flush matured buckets (trigger: interval[0:00:15], next run at: 2026-01-07 09:44:20 +07)" (scheduled at 2026-01-07 09:44:05.806140+07:00)
2026-01-07 09:44:05,889 - INFO - Job "Flush matured buckets (trigger: interval[0:00:15], next run at: 2026-01-07 09:44:20 +07)" executed successfully
2026-01-07 09:44:20,817 - INFO - Running job "Flush matured buckets (trigger: interval[0:00:15], next run at: 2026-01-07 09:44:35 +07)" (scheduled at 2026-01-07 09:44:20.806140+07:00)
2026-01-07 09:44:20,893 - INFO - Job "Flush matured buckets (trigger: interval[0:00:15], next run at: 2026-01-07 09:44:35 +07)" executed successfully
2026-01-07 09:44:35,813 - INFO - Running job "Flush matured buckets (trigger: interval[0:00:15], next run at: 2026-01-07 09:44:50 +07)" (scheduled at 2026-01-07 09:44:35.806140+07:00)
2026-01-07 09:44:35,886 - INFO - Job "Flush matured buckets (trigger: interval[0:00:15], next run at: 2026-01-07 09:44:50 +07)" executed successfully
2026-01-07 09:44:50,809 - INFO - Running job "Flush matured buckets (trigger: interval[0:00:15], next run at: 2026-01-07 09:45:05 +07)" (scheduled at 2026-01-07 09:44:50.806140+07:00)
2026-01-07 09:44:50,884 - INFO - Job "Flush matured buckets (trigger: interval[0:00:15], next run at: 2026-01-07 09:45:05 +07)" executed successfully
2026-01-07 09:45:05,811 - INFO - Running job "Flush matured buckets (trigger: interval[0:00:15], next run at: 2026-01-07 09:45:20 +07)" (scheduled at 2026-01-07 09:45:05.806140+07:00)
2026-01-07 09:45:05,887 - INFO - Job "Flush matured buckets (trigger: interval[0:00:15], next run at: 2026-01-07 09:45:20 +07)" executed successfully
2026-01-07 09:45:20,808 - INFO - Running job "Flush matured buckets (trigger: interval[0:00:15], next run at: 2026-01-07 09:45:35 +07)" (scheduled at 2026-01-07 09:45:20.806140+07:00)
2026-01-07 09:45:20,876 - INFO - Job "Flush matured buckets (trigger: interval[0:00:15], next run at: 2026-01-07 09:45:35 +07)" executed successfully
2026-01-07 09:45:35,812 - INFO - Running job "Flush matured buckets (trigger: interval[0:00:15], next run at: 2026-01-07 09:45:50 +07)" (scheduled at 2026-01-07 09:45:35.806140+07:00)
2026-01-07 09:45:35,870 - INFO - Job "Flush matured buckets (trigger: interval[0:00:15], next run at: 2026-01-07 09:45:50 +07)" executed successfully
2026-01-07 09:45:50,812 - INFO - Running job "Flush matured buckets (trigger: interval[0:00:15], next run at: 2026-01-07 09:46:05 +07)" (scheduled at 2026-01-07 09:45:50.806140+07:00)
2026-01-07 09:45:50,884 - INFO - Job "Flush matured buckets (trigger: interval[0:00:15], next run at: 2026-01-07 09:46:05 +07)" executed successfully
2026-01-07 09:46:05,814 - INFO - Running job "Flush matured buckets (trigger: interval[0:00:15], next run at: 2026-01-07 09:46:20 +07)" (scheduled at 2026-01-07 09:46:05.806140+07:00)
2026-01-07 09:46:05,884 - INFO - Job "Flush matured buckets (trigger: interval[0:00:15], next run at: 2026-01-07 09:46:20 +07)" executed successfully
2026-01-07 09:46:20,818 - INFO - Running job "Flush matured buckets (trigger: interval[0:00:15], next run at: 2026-01-07 09:46:35 +07)" (scheduled at 2026-01-07 09:46:20.806140+07:00)
2026-01-07 09:46:20,888 - INFO - Job "Flush matured buckets (trigger: interval[0:00:15], next run at: 2026-01-07 09:46:35 +07)" executed successfully
2026-01-07 09:46:35,811 - INFO - Running job "Flush matured buckets (trigger: interval[0:00:15], next run at: 2026-01-07 09:46:50 +07)" (scheduled at 2026-01-07 09:46:35.806140+07:00)
2026-01-07 09:46:35,843 - INFO - Running job "Cleanup old buckets (trigger: interval[0:05:00], next run at: 2026-01-07 09:51:35 +07)" (scheduled at 2026-01-07 09:46:35.842100+07:00)
2026-01-07 09:46:35,849 - INFO - Job "Cleanup old buckets (trigger: interval[0:05:00], next run at: 2026-01-07 09:51:35 +07)" executed successfully
2026-01-07 09:46:35,871 - INFO - Job "Flush matured buckets (trigger: interval[0:00:15], next run at: 2026-01-07 09:46:50 +07)" executed successfully
2026-01-07 09:46:50,815 - INFO - Running job "Flush matured buckets (trigger: interval[0:00:15], next run at: 2026-01-07 09:47:05 +07)" (scheduled at 2026-01-07 09:46:50.806140+07:00)
2026-01-07 09:46:50,884 - INFO - Job "Flush matured buckets (trigger: interval[0:00:15], next run at: 2026-01-07 09:47:05 +07)" executed successfully
2026-01-07 09:47:05,810 - INFO - Running job "Flush matured buckets (trigger: interval[0:00:15], next run at: 2026-01-07 09:47:20 +07)" (scheduled at 2026-01-07 09:47:05.806140+07:00)
2026-01-07 09:47:05,885 - INFO - Job "Flush matured buckets (trigger: interval[0:00:15], next run at: 2026-01-07 09:47:20 +07)" executed successfully
2026-01-07 09:47:20,815 - INFO - Running job "Flush matured buckets (trigger: interval[0:00:15], next run at: 2026-01-07 09:47:35 +07)" (scheduled at 2026-01-07 09:47:20.806140+07:00)
2026-01-07 09:47:20,890 - INFO - Job "Flush matured buckets (trigger: interval[0:00:15], next run at: 2026-01-07 09:47:35 +07)" executed successfully
2026-01-07 09:47:35,809 - INFO - Running job "Flush matured buckets (trigger: interval[0:00:15], next run at: 2026-01-07 09:47:50 +07)" (scheduled at 2026-01-07 09:47:35.806140+07:00)
2026-01-07 09:47:35,883 - INFO - Job "Flush matured buckets (trigger: interval[0:00:15], next run at: 2026-01-07 09:47:50 +07)" executed successfully
2026-01-07 09:47:50,808 - INFO - Running job "Flush matured buckets (trigger: interval[0:00:15], next run at: 2026-01-07 09:48:05 +07)" (scheduled at 2026-01-07 09:47:50.806140+07:00)
2026-01-07 09:47:50,886 - INFO - Job "Flush matured buckets (trigger: interval[0:00:15], next run at: 2026-01-07 09:48:05 +07)" executed successfully
2026-01-07 09:48:05,813 - INFO - Running job "Flush matured buckets (trigger: interval[0:00:15], next run at: 2026-01-07 09:48:20 +07)" (scheduled at 2026-01-07 09:48:05.806140+07:00)
2026-01-07 09:48:05,889 - INFO - Job "Flush matured buckets (trigger: interval[0:00:15], next run at: 2026-01-07 09:48:20 +07)" executed successfully
2026-01-07 09:48:20,816 - INFO - Running job "Flush matured buckets (trigger: interval[0:00:15], next run at: 2026-01-07 09:48:35 +07)" (scheduled at 2026-01-07 09:48:20.806140+07:00)
2026-01-07 09:48:20,929 - INFO - Job "Flush matured buckets (trigger: interval[0:00:15], next run at: 2026-01-07 09:48:35 +07)" executed successfully
2026-01-07 09:48:35,821 - INFO - Running job "Flush matured buckets (trigger: interval[0:00:15], next run at: 2026-01-07 09:48:50 +07)" (scheduled at 2026-01-07 09:48:35.806140+07:00)
2026-01-07 09:48:35,885 - INFO - Job "Flush matured buckets (trigger: interval[0:00:15], next run at: 2026-01-07 09:48:50 +07)" executed successfully
2026-01-07 09:48:50,808 - INFO - Running job "Flush matured buckets (trigger: interval[0:00:15], next run at: 2026-01-07 09:49:05 +07)" (scheduled at 2026-01-07 09:48:50.806140+07:00)
2026-01-07 09:48:50,883 - INFO - Job "Flush matured buckets (trigger: interval[0:00:15], next run at: 2026-01-07 09:49:05 +07)" executed successfully
2026-01-07 09:49:05,819 - INFO - Running job "Flush matured buckets (trigger: interval[0:00:15], next run at: 2026-01-07 09:49:20 +07)" (scheduled at 2026-01-07 09:49:05.806140+07:00)
2026-01-07 09:49:05,895 - INFO - Job "Flush matured buckets (trigger: interval[0:00:15], next run at: 2026-01-07 09:49:20 +07)" executed successfully
2026-01-07 09:49:20,815 - INFO - Running job "Flush matured buckets (trigger: interval[0:00:15], next run at: 2026-01-07 09:49:35 +07)" (scheduled at 2026-01-07 09:49:20.806140+07:00)
2026-01-07 09:49:20,892 - INFO - Job "Flush matured buckets (trigger: interval[0:00:15], next run at: 2026-01-07 09:49:35 +07)" executed successfully
2026-01-07 09:49:35,817 - INFO - Running job "Flush matured buckets (trigger: interval[0:00:15], next run at: 2026-01-07 09:49:50 +07)" (scheduled at 2026-01-07 09:49:35.806140+07:00)
2026-01-07 09:49:35,893 - INFO - Job "Flush matured buckets (trigger: interval[0:00:15], next run at: 2026-01-07 09:49:50 +07)" executed successfully
2026-01-07 09:49:50,818 - INFO - Running job "Flush matured buckets (trigger: interval[0:00:15], next run at: 2026-01-07 09:50:05 +07)" (scheduled at 2026-01-07 09:49:50.806140+07:00)
2026-01-07 09:49:50,886 - INFO - Job "Flush matured buckets (trigger: interval[0:00:15], next run at: 2026-01-07 09:50:05 +07)" executed successfully
2026-01-07 09:50:05,812 - INFO - Running job "Flush matured buckets (trigger: interval[0:00:15], next run at: 2026-01-07 09:50:20 +07)" (scheduled at 2026-01-07 09:50:05.806140+07:00)
2026-01-07 09:50:05,880 - INFO - Job "Flush matured buckets (trigger: interval[0:00:15], next run at: 2026-01-07 09:50:20 +07)" executed successfully
2026-01-07 09:50:20,811 - INFO - Running job "Flush matured buckets (trigger: interval[0:00:15], next run at: 2026-01-07 09:50:35 +07)" (scheduled at 2026-01-07 09:50:20.806140+07:00)
2026-01-07 09:50:20,869 - INFO - Job "Flush matured buckets (trigger: interval[0:00:15], next run at: 2026-01-07 09:50:35 +07)" executed successfully
2026-01-07 09:50:35,812 - INFO - Running job "Flush matured buckets (trigger: interval[0:00:15], next run at: 2026-01-07 09:50:50 +07)" (scheduled at 2026-01-07 09:50:35.806140+07:00)
2026-01-07 09:50:35,889 - INFO - Job "Flush matured buckets (trigger: interval[0:00:15], next run at: 2026-01-07 09:50:50 +07)" executed successfully
2026-01-07 09:50:50,812 - INFO - Running job "Flush matured buckets (trigger: interval[0:00:15], next run at: 2026-01-07 09:51:05 +07)" (scheduled at 2026-01-07 09:50:50.806140+07:00)
2026-01-07 09:50:50,888 - INFO - Job "Flush matured buckets (trigger: interval[0:00:15], next run at: 2026-01-07 09:51:05 +07)" executed successfully
2026-01-07 09:51:05,808 - INFO - Running job "Flush matured buckets (trigger: interval[0:00:15], next run at: 2026-01-07 09:51:20 +07)" (scheduled at 2026-01-07 09:51:05.806140+07:00)
2026-01-07 09:51:05,882 - INFO - Job "Flush matured buckets (trigger: interval[0:00:15], next run at: 2026-01-07 09:51:20 +07)" executed successfully
2026-01-07 09:51:20,820 - INFO - Running job "Flush matured buckets (trigger: interval[0:00:15], next run at: 2026-01-07 09:51:35 +07)" (scheduled at 2026-01-07 09:51:20.806140+07:00)
2026-01-07 09:51:20,895 - INFO - Job "Flush matured buckets (trigger: interval[0:00:15], next run at: 2026-01-07 09:51:35 +07)" executed successfully
2026-01-07 09:51:35,811 - INFO - Running job "Flush matured buckets (trigger: interval[0:00:15], next run at: 2026-01-07 09:51:50 +07)" (scheduled at 2026-01-07 09:51:35.806140+07:00)
2026-01-07 09:51:35,857 - INFO - Running job "Cleanup old buckets (trigger: interval[0:05:00], next run at: 2026-01-07 09:56:35 +07)" (scheduled at 2026-01-07 09:51:35.842100+07:00)
2026-01-07 09:51:35,879 - INFO - Job "Flush matured buckets (trigger: interval[0:00:15], next run at: 2026-01-07 09:51:50 +07)" executed successfully
2026-01-07 09:51:35,879 - INFO - Job "Cleanup old buckets (trigger: interval[0:05:00], next run at: 2026-01-07 09:56:35 +07)" executed successfully
2026-01-07 09:51:50,813 - INFO - Running job "Flush matured buckets (trigger: interval[0:00:15], next run at: 2026-01-07 09:52:05 +07)" (scheduled at 2026-01-07 09:51:50.806140+07:00)
2026-01-07 09:51:50,886 - INFO - Job "Flush matured buckets (trigger: interval[0:00:15], next run at: 2026-01-07 09:52:05 +07)" executed successfully
2026-01-07 09:52:05,814 - INFO - Running job "Flush matured buckets (trigger: interval[0:00:15], next run at: 2026-01-07 09:52:20 +07)" (scheduled at 2026-01-07 09:52:05.806140+07:00)
2026-01-07 09:52:05,876 - INFO - Job "Flush matured buckets (trigger: interval[0:00:15], next run at: 2026-01-07 09:52:20 +07)" executed successfully
2026-01-07 09:52:20,820 - INFO - Running job "Flush matured buckets (trigger: interval[0:00:15], next run at: 2026-01-07 09:52:35 +07)" (scheduled at 2026-01-07 09:52:20.806140+07:00)
2026-01-07 09:52:20,867 - INFO - Job "Flush matured buckets (trigger: interval[0:00:15], next run at: 2026-01-07 09:52:35 +07)" executed successfully
2026-01-07 09:52:35,813 - INFO - Running job "Flush matured buckets (trigger: interval[0:00:15], next run at: 2026-01-07 09:52:50 +07)" (scheduled at 2026-01-07 09:52:35.806140+07:00)
2026-01-07 09:52:35,885 - INFO - Job "Flush matured buckets (trigger: interval[0:00:15], next run at: 2026-01-07 09:52:50 +07)" executed successfully
2026-01-07 09:52:50,808 - INFO - Running job "Flush matured buckets (trigger: interval[0:00:15], next run at: 2026-01-07 09:53:05 +07)" (scheduled at 2026-01-07 09:52:50.806140+07:00)
2026-01-07 09:52:50,893 - INFO - Job "Flush matured buckets (trigger: interval[0:00:15], next run at: 2026-01-07 09:53:05 +07)" executed successfully
2026-01-07 09:53:05,808 - INFO - Running job "Flush matured buckets (trigger: interval[0:00:15], next run at: 2026-01-07 09:53:20 +07)" (scheduled at 2026-01-07 09:53:05.806140+07:00)
2026-01-07 09:53:05,848 - INFO - Job "Flush matured buckets (trigger: interval[0:00:15], next run at: 2026-01-07 09:53:20 +07)" executed successfully
2026-01-07 09:53:20,811 - INFO - Running job "Flush matured buckets (trigger: interval[0:00:15], next run at: 2026-01-07 09:53:35 +07)" (scheduled at 2026-01-07 09:53:20.806140+07:00)
2026-01-07 09:53:20,862 - INFO - Job "Flush matured buckets (trigger: interval[0:00:15], next run at: 2026-01-07 09:53:35 +07)" executed successfully
2026-01-07 09:53:35,813 - INFO - Running job "Flush matured buckets (trigger: interval[0:00:15], next run at: 2026-01-07 09:53:50 +07)" (scheduled at 2026-01-07 09:53:35.806140+07:00)
2026-01-07 09:53:35,857 - INFO - Job "Flush matured buckets (trigger: interval[0:00:15], next run at: 2026-01-07 09:53:50 +07)" executed successfully
2026-01-07 09:53:50,818 - INFO - Running job "Flush matured buckets (trigger: interval[0:00:15], next run at: 2026-01-07 09:54:05 +07)" (scheduled at 2026-01-07 09:53:50.806140+07:00)
2026-01-07 09:53:50,905 - INFO - Job "Flush matured buckets (trigger: interval[0:00:15], next run at: 2026-01-07 09:54:05 +07)" executed successfully
2026-01-07 09:54:05,811 - INFO - Running job "Flush matured buckets (trigger: interval[0:00:15], next run at: 2026-01-07 09:54:20 +07)" (scheduled at 2026-01-07 09:54:05.806140+07:00)
2026-01-07 09:54:05,885 - INFO - Job "Flush matured buckets (trigger: interval[0:00:15], next run at: 2026-01-07 09:54:20 +07)" executed successfully
2026-01-07 09:54:20,811 - INFO - Running job "Flush matured buckets (trigger: interval[0:00:15], next run at: 2026-01-07 09:54:35 +07)" (scheduled at 2026-01-07 09:54:20.806140+07:00)
2026-01-07 09:54:20,856 - INFO - Job "Flush matured buckets (trigger: interval[0:00:15], next run at: 2026-01-07 09:54:35 +07)" executed successfully
2026-01-07 09:54:35,817 - INFO - Running job "Flush matured buckets (trigger: interval[0:00:15], next run at: 2026-01-07 09:54:50 +07)" (scheduled at 2026-01-07 09:54:35.806140+07:00)
2026-01-07 09:54:35,862 - INFO - Job "Flush matured buckets (trigger: interval[0:00:15], next run at: 2026-01-07 09:54:50 +07)" executed successfully
2026-01-07 09:54:50,809 - INFO - Running job "Flush matured buckets (trigger: interval[0:00:15], next run at: 2026-01-07 09:55:05 +07)" (scheduled at 2026-01-07 09:54:50.806140+07:00)
2026-01-07 09:54:50,903 - INFO - Job "Flush matured buckets (trigger: interval[0:00:15], next run at: 2026-01-07 09:55:05 +07)" executed successfully
2026-01-07 09:55:05,815 - INFO - Running job "Flush matured buckets (trigger: interval[0:00:15], next run at: 2026-01-07 09:55:20 +07)" (scheduled at 2026-01-07 09:55:05.806140+07:00)
2026-01-07 09:55:05,866 - INFO - Job "Flush matured buckets (trigger: interval[0:00:15], next run at: 2026-01-07 09:55:20 +07)" executed successfully
2026-01-07 09:55:20,815 - INFO - Running job "Flush matured buckets (trigger: interval[0:00:15], next run at: 2026-01-07 09:55:35 +07)" (scheduled at 2026-01-07 09:55:20.806140+07:00)
2026-01-07 09:55:20,865 - INFO - Job "Flush matured buckets (trigger: interval[0:00:15], next run at: 2026-01-07 09:55:35 +07)" executed successfully
2026-01-07 09:55:35,810 - INFO - Running job "Flush matured buckets (trigger: interval[0:00:15], next run at: 2026-01-07 09:55:50 +07)" (scheduled at 2026-01-07 09:55:35.806140+07:00)
2026-01-07 09:55:35,880 - INFO - Job "Flush matured buckets (trigger: interval[0:00:15], next run at: 2026-01-07 09:55:50 +07)" executed successfully
2026-01-07 09:55:50,815 - INFO - Running job "Flush matured buckets (trigger: interval[0:00:15], next run at: 2026-01-07 09:56:05 +07)" (scheduled at 2026-01-07 09:55:50.806140+07:00)
2026-01-07 09:55:50,854 - INFO - Job "Flush matured buckets (trigger: interval[0:00:15], next run at: 2026-01-07 09:56:05 +07)" executed successfully
2026-01-07 09:56:05,810 - INFO - Running job "Flush matured buckets (trigger: interval[0:00:15], next run at: 2026-01-07 09:56:20 +07)" (scheduled at 2026-01-07 09:56:05.806140+07:00)
2026-01-07 09:56:05,873 - INFO - Job "Flush matured buckets (trigger: interval[0:00:15], next run at: 2026-01-07 09:56:20 +07)" executed successfully
2026-01-07 09:56:20,815 - INFO - Running job "Flush matured buckets (trigger: interval[0:00:15], next run at: 2026-01-07 09:56:35 +07)" (scheduled at 2026-01-07 09:56:20.806140+07:00)
2026-01-07 09:56:20,854 - INFO - Job "Flush matured buckets (trigger: interval[0:00:15], next run at: 2026-01-07 09:56:35 +07)" executed successfully
2026-01-07 09:56:35,812 - INFO - Running job "Flush matured buckets (trigger: interval[0:00:15], next run at: 2026-01-07 09:56:50 +07)" (scheduled at 2026-01-07 09:56:35.806140+07:00)
2026-01-07 09:56:35,843 - INFO - Running job "Cleanup old buckets (trigger: interval[0:05:00], next run at: 2026-01-07 10:01:35 +07)" (scheduled at 2026-01-07 09:56:35.842100+07:00)
2026-01-07 09:56:35,885 - INFO - Job "Flush matured buckets (trigger: interval[0:00:15], next run at: 2026-01-07 09:56:50 +07)" executed successfully
2026-01-07 09:56:35,885 - INFO - Job "Cleanup old buckets (trigger: interval[0:05:00], next run at: 2026-01-07 10:01:35 +07)" executed successfully
2026-01-07 09:56:50,816 - INFO - Running job "Flush matured buckets (trigger: interval[0:00:15], next run at: 2026-01-07 09:57:05 +07)" (scheduled at 2026-01-07 09:56:50.806140+07:00)
2026-01-07 09:56:50,866 - INFO - Job "Flush matured buckets (trigger: interval[0:00:15], next run at: 2026-01-07 09:57:05 +07)" executed successfully
2026-01-07 09:57:05,816 - INFO - Running job "Flush matured buckets (trigger: interval[0:00:15], next run at: 2026-01-07 09:57:20 +07)" (scheduled at 2026-01-07 09:57:05.806140+07:00)
2026-01-07 09:57:05,878 - INFO - Job "Flush matured buckets (trigger: interval[0:00:15], next run at: 2026-01-07 09:57:20 +07)" executed successfully
2026-01-07 09:57:20,820 - INFO - Running job "Flush matured buckets (trigger: interval[0:00:15], next run at: 2026-01-07 09:57:35 +07)" (scheduled at 2026-01-07 09:57:20.806140+07:00)
2026-01-07 09:57:20,900 - INFO - Job "Flush matured buckets (trigger: interval[0:00:15], next run at: 2026-01-07 09:57:35 +07)" executed successfully
2026-01-07 09:57:35,818 - INFO - Running job "Flush matured buckets (trigger: interval[0:00:15], next run at: 2026-01-07 09:57:50 +07)" (scheduled at 2026-01-07 09:57:35.806140+07:00)
2026-01-07 09:57:35,892 - INFO - Job "Flush matured buckets (trigger: interval[0:00:15], next run at: 2026-01-07 09:57:50 +07)" executed successfully
2026-01-07 09:57:50,821 - INFO - Running job "Flush matured buckets (trigger: interval[0:00:15], next run at: 2026-01-07 09:58:05 +07)" (scheduled at 2026-01-07 09:57:50.806140+07:00)
2026-01-07 09:57:50,892 - INFO - Job "Flush matured buckets (trigger: interval[0:00:15], next run at: 2026-01-07 09:58:05 +07)" executed successfully
2026-01-07 09:58:05,813 - INFO - Running job "Flush matured buckets (trigger: interval[0:00:15], next run at: 2026-01-07 09:58:20 +07)" (scheduled at 2026-01-07 09:58:05.806140+07:00)
2026-01-07 09:58:05,875 - INFO - Job "Flush matured buckets (trigger: interval[0:00:15], next run at: 2026-01-07 09:58:20 +07)" executed successfully
2026-01-07 09:58:20,809 - INFO - Running job "Flush matured buckets (trigger: interval[0:00:15], next run at: 2026-01-07 09:58:35 +07)" (scheduled at 2026-01-07 09:58:20.806140+07:00)
2026-01-07 09:58:20,914 - INFO - Job "Flush matured buckets (trigger: interval[0:00:15], next run at: 2026-01-07 09:58:35 +07)" executed successfully
2026-01-07 09:58:35,819 - INFO - Running job "Flush matured buckets (trigger: interval[0:00:15], next run at: 2026-01-07 09:58:50 +07)" (scheduled at 2026-01-07 09:58:35.806140+07:00)
2026-01-07 09:58:35,896 - INFO - Job "Flush matured buckets (trigger: interval[0:00:15], next run at: 2026-01-07 09:58:50 +07)" executed successfully
2026-01-07 09:58:50,811 - INFO - Running job "Flush matured buckets (trigger: interval[0:00:15], next run at: 2026-01-07 09:59:05 +07)" (scheduled at 2026-01-07 09:58:50.806140+07:00)
2026-01-07 09:58:50,883 - INFO - Job "Flush matured buckets (trigger: interval[0:00:15], next run at: 2026-01-07 09:59:05 +07)" executed successfully
2026-01-07 09:59:05,818 - INFO - Running job "Flush matured buckets (trigger: interval[0:00:15], next run at: 2026-01-07 09:59:20 +07)" (scheduled at 2026-01-07 09:59:05.806140+07:00)
2026-01-07 09:59:05,877 - INFO - Job "Flush matured buckets (trigger: interval[0:00:15], next run at: 2026-01-07 09:59:20 +07)" executed successfully
2026-01-07 09:59:20,820 - INFO - Running job "Flush matured buckets (trigger: interval[0:00:15], next run at: 2026-01-07 09:59:35 +07)" (scheduled at 2026-01-07 09:59:20.806140+07:00)
2026-01-07 09:59:20,891 - INFO - Job "Flush matured buckets (trigger: interval[0:00:15], next run at: 2026-01-07 09:59:35 +07)" executed successfully
2026-01-07 09:59:35,818 - INFO - Running job "Flush matured buckets (trigger: interval[0:00:15], next run at: 2026-01-07 09:59:50 +07)" (scheduled at 2026-01-07 09:59:35.806140+07:00)
2026-01-07 09:59:35,893 - INFO - Job "Flush matured buckets (trigger: interval[0:00:15], next run at: 2026-01-07 09:59:50 +07)" executed successfully
2026-01-07 09:59:50,813 - INFO - Running job "Flush matured buckets (trigger: interval[0:00:15], next run at: 2026-01-07 10:00:05 +07)" (scheduled at 2026-01-07 09:59:50.806140+07:00)
2026-01-07 09:59:50,885 - INFO - Job "Flush matured buckets (trigger: interval[0:00:15], next run at: 2026-01-07 10:00:05 +07)" executed successfully
2026-01-07 10:00:05,807 - INFO - Running job "Flush matured buckets (trigger: interval[0:00:15], next run at: 2026-01-07 10:00:20 +07)" (scheduled at 2026-01-07 10:00:05.806140+07:00)
2026-01-07 10:00:05,872 - INFO - Job "Flush matured buckets (trigger: interval[0:00:15], next run at: 2026-01-07 10:00:20 +07)" executed successfully
2026-01-07 10:00:20,817 - INFO - Running job "Flush matured buckets (trigger: interval[0:00:15], next run at: 2026-01-07 10:00:35 +07)" (scheduled at 2026-01-07 10:00:20.806140+07:00)
2026-01-07 10:00:20,887 - INFO - Job "Flush matured buckets (trigger: interval[0:00:15], next run at: 2026-01-07 10:00:35 +07)" executed successfully
2026-01-07 10:00:35,815 - INFO - Running job "Flush matured buckets (trigger: interval[0:00:15], next run at: 2026-01-07 10:00:50 +07)" (scheduled at 2026-01-07 10:00:35.806140+07:00)
2026-01-07 10:00:35,890 - INFO - Job "Flush matured buckets (trigger: interval[0:00:15], next run at: 2026-01-07 10:00:50 +07)" executed successfully
2026-01-07 10:00:50,811 - INFO - Running job "Flush matured buckets (trigger: interval[0:00:15], next run at: 2026-01-07 10:01:05 +07)" (scheduled at 2026-01-07 10:00:50.806140+07:00)
2026-01-07 10:00:50,855 - INFO - Job "Flush matured buckets (trigger: interval[0:00:15], next run at: 2026-01-07 10:01:05 +07)" executed successfully
2026-01-07 10:01:05,807 - INFO - Running job "Flush matured buckets (trigger: interval[0:00:15], next run at: 2026-01-07 10:01:20 +07)" (scheduled at 2026-01-07 10:01:05.806140+07:00)
2026-01-07 10:01:05,862 - INFO - Job "Flush matured buckets (trigger: interval[0:00:15], next run at: 2026-01-07 10:01:20 +07)" executed successfully
2026-01-07 10:01:20,807 - INFO - Running job "Flush matured buckets (trigger: interval[0:00:15], next run at: 2026-01-07 10:01:35 +07)" (scheduled at 2026-01-07 10:01:20.806140+07:00)
2026-01-07 10:01:21,027 - INFO - Job "Flush matured buckets (trigger: interval[0:00:15], next run at: 2026-01-07 10:01:35 +07)" executed successfully
2026-01-07 10:01:35,810 - INFO - Running job "Flush matured buckets (trigger: interval[0:00:15], next run at: 2026-01-07 10:01:50 +07)" (scheduled at 2026-01-07 10:01:35.806140+07:00)
2026-01-07 10:01:35,843 - INFO - Running job "Cleanup old buckets (trigger: interval[0:05:00], next run at: 2026-01-07 10:06:35 +07)" (scheduled at 2026-01-07 10:01:35.842100+07:00)
2026-01-07 10:01:35,872 - INFO - Job "Cleanup old buckets (trigger: interval[0:05:00], next run at: 2026-01-07 10:06:35 +07)" executed successfully
2026-01-07 10:01:35,879 - INFO - Job "Flush matured buckets (trigger: interval[0:00:15], next run at: 2026-01-07 10:01:50 +07)" executed successfully
2026-01-07 10:01:50,814 - INFO - Running job "Flush matured buckets (trigger: interval[0:00:15], next run at: 2026-01-07 10:02:05 +07)" (scheduled at 2026-01-07 10:01:50.806140+07:00)
2026-01-07 10:01:50,860 - INFO - Job "Flush matured buckets (trigger: interval[0:00:15], next run at: 2026-01-07 10:02:05 +07)" executed successfully
2026-01-07 10:02:05,818 - INFO - Running job "Flush matured buckets (trigger: interval[0:00:15], next run at: 2026-01-07 10:02:20 +07)" (scheduled at 2026-01-07 10:02:05.806140+07:00)
2026-01-07 10:02:05,880 - INFO - Job "Flush matured buckets (trigger: interval[0:00:15], next run at: 2026-01-07 10:02:20 +07)" executed successfully
2026-01-07 10:02:20,821 - INFO - Running job "Flush matured buckets (trigger: interval[0:00:15], next run at: 2026-01-07 10:02:35 +07)" (scheduled at 2026-01-07 10:02:20.806140+07:00)
2026-01-07 10:02:20,876 - INFO - Job "Flush matured buckets (trigger: interval[0:00:15], next run at: 2026-01-07 10:02:35 +07)" executed successfully
2026-01-07 10:02:35,814 - INFO - Running job "Flush matured buckets (trigger: interval[0:00:15], next run at: 2026-01-07 10:02:50 +07)" (scheduled at 2026-01-07 10:02:35.806140+07:00)
2026-01-07 10:02:35,886 - INFO - Job "Flush matured buckets (trigger: interval[0:00:15], next run at: 2026-01-07 10:02:50 +07)" executed successfully
2026-01-07 10:02:50,814 - INFO - Running job "Flush matured buckets (trigger: interval[0:00:15], next run at: 2026-01-07 10:03:05 +07)" (scheduled at 2026-01-07 10:02:50.806140+07:00)
2026-01-07 10:02:50,872 - INFO - Job "Flush matured buckets (trigger: interval[0:00:15], next run at: 2026-01-07 10:03:05 +07)" executed successfully
2026-01-07 10:03:05,821 - INFO - Running job "Flush matured buckets (trigger: interval[0:00:15], next run at: 2026-01-07 10:03:20 +07)" (scheduled at 2026-01-07 10:03:05.806140+07:00)
2026-01-07 10:03:05,891 - INFO - Job "Flush matured buckets (trigger: interval[0:00:15], next run at: 2026-01-07 10:03:20 +07)" executed successfully
2026-01-07 10:03:20,807 - INFO - Running job "Flush matured buckets (trigger: interval[0:00:15], next run at: 2026-01-07 10:03:35 +07)" (scheduled at 2026-01-07 10:03:20.806140+07:00)
2026-01-07 10:03:20,880 - INFO - Job "Flush matured buckets (trigger: interval[0:00:15], next run at: 2026-01-07 10:03:35 +07)" executed successfully
2026-01-07 10:03:35,821 - INFO - Running job "Flush matured buckets (trigger: interval[0:00:15], next run at: 2026-01-07 10:03:50 +07)" (scheduled at 2026-01-07 10:03:35.806140+07:00)
2026-01-07 10:03:35,900 - INFO - Job "Flush matured buckets (trigger: interval[0:00:15], next run at: 2026-01-07 10:03:50 +07)" executed successfully
2026-01-07 10:03:50,813 - INFO - Running job "Flush matured buckets (trigger: interval[0:00:15], next run at: 2026-01-07 10:04:05 +07)" (scheduled at 2026-01-07 10:03:50.806140+07:00)
2026-01-07 10:03:50,882 - INFO - Job "Flush matured buckets (trigger: interval[0:00:15], next run at: 2026-01-07 10:04:05 +07)" executed successfully
2026-01-07 10:04:05,817 - INFO - Running job "Flush matured buckets (trigger: interval[0:00:15], next run at: 2026-01-07 10:04:20 +07)" (scheduled at 2026-01-07 10:04:05.806140+07:00)
2026-01-07 10:04:05,889 - INFO - Job "Flush matured buckets (trigger: interval[0:00:15], next run at: 2026-01-07 10:04:20 +07)" executed successfully
2026-01-07 10:04:20,812 - INFO - Running job "Flush matured buckets (trigger: interval[0:00:15], next run at: 2026-01-07 10:04:35 +07)" (scheduled at 2026-01-07 10:04:20.806140+07:00)
2026-01-07 10:04:20,883 - INFO - Job "Flush matured buckets (trigger: interval[0:00:15], next run at: 2026-01-07 10:04:35 +07)" executed successfully
2026-01-07 10:04:35,810 - INFO - Running job "Flush matured buckets (trigger: interval[0:00:15], next run at: 2026-01-07 10:04:50 +07)" (scheduled at 2026-01-07 10:04:35.806140+07:00)
2026-01-07 10:04:35,877 - INFO - Job "Flush matured buckets (trigger: interval[0:00:15], next run at: 2026-01-07 10:04:50 +07)" executed successfully
2026-01-07 10:04:50,812 - INFO - Running job "Flush matured buckets (trigger: interval[0:00:15], next run at: 2026-01-07 10:05:05 +07)" (scheduled at 2026-01-07 10:04:50.806140+07:00)
2026-01-07 10:04:50,890 - INFO - Job "Flush matured buckets (trigger: interval[0:00:15], next run at: 2026-01-07 10:05:05 +07)" executed successfully
2026-01-07 10:05:05,820 - INFO - Running job "Flush matured buckets (trigger: interval[0:00:15], next run at: 2026-01-07 10:05:20 +07)" (scheduled at 2026-01-07 10:05:05.806140+07:00)
2026-01-07 10:05:05,896 - INFO - Job "Flush matured buckets (trigger: interval[0:00:15], next run at: 2026-01-07 10:05:20 +07)" executed successfully
2026-01-07 10:05:20,808 - INFO - Running job "Flush matured buckets (trigger: interval[0:00:15], next run at: 2026-01-07 10:05:35 +07)" (scheduled at 2026-01-07 10:05:20.806140+07:00)
2026-01-07 10:05:20,883 - INFO - Job "Flush matured buckets (trigger: interval[0:00:15], next run at: 2026-01-07 10:05:35 +07)" executed successfully
2026-01-07 10:05:35,810 - INFO - Running job "Flush matured buckets (trigger: interval[0:00:15], next run at: 2026-01-07 10:05:50 +07)" (scheduled at 2026-01-07 10:05:35.806140+07:00)
2026-01-07 10:05:35,882 - INFO - Job "Flush matured buckets (trigger: interval[0:00:15], next run at: 2026-01-07 10:05:50 +07)" executed successfully
2026-01-07 10:05:50,812 - INFO - Running job "Flush matured buckets (trigger: interval[0:00:15], next run at: 2026-01-07 10:06:05 +07)" (scheduled at 2026-01-07 10:05:50.806140+07:00)
2026-01-07 10:05:50,876 - INFO - Job "Flush matured buckets (trigger: interval[0:00:15], next run at: 2026-01-07 10:06:05 +07)" executed successfully
2026-01-07 10:06:05,813 - INFO - Running job "Flush matured buckets (trigger: interval[0:00:15], next run at: 2026-01-07 10:06:20 +07)" (scheduled at 2026-01-07 10:06:05.806140+07:00)
2026-01-07 10:06:05,875 - INFO - Job "Flush matured buckets (trigger: interval[0:00:15], next run at: 2026-01-07 10:06:20 +07)" executed successfully
2026-01-07 10:06:20,812 - INFO - Running job "Flush matured buckets (trigger: interval[0:00:15], next run at: 2026-01-07 10:06:35 +07)" (scheduled at 2026-01-07 10:06:20.806140+07:00)
2026-01-07 10:06:20,852 - INFO - Job "Flush matured buckets (trigger: interval[0:00:15], next run at: 2026-01-07 10:06:35 +07)" executed successfully
2026-01-07 10:06:35,820 - INFO - Running job "Flush matured buckets (trigger: interval[0:00:15], next run at: 2026-01-07 10:06:50 +07)" (scheduled at 2026-01-07 10:06:35.806140+07:00)
2026-01-07 10:06:35,852 - INFO - Running job "Cleanup old buckets (trigger: interval[0:05:00], next run at: 2026-01-07 10:11:35 +07)" (scheduled at 2026-01-07 10:06:35.842100+07:00)
2026-01-07 10:06:35,882 - INFO - Job "Flush matured buckets (trigger: interval[0:00:15], next run at: 2026-01-07 10:06:50 +07)" executed successfully
2026-01-07 10:06:35,882 - INFO - Job "Cleanup old buckets (trigger: interval[0:05:00], next run at: 2026-01-07 10:11:35 +07)" executed successfully
2026-01-07 10:06:50,821 - INFO - Running job "Flush matured buckets (trigger: interval[0:00:15], next run at: 2026-01-07 10:07:05 +07)" (scheduled at 2026-01-07 10:06:50.806140+07:00)
2026-01-07 10:06:50,896 - INFO - Job "Flush matured buckets (trigger: interval[0:00:15], next run at: 2026-01-07 10:07:05 +07)" executed successfully
2026-01-07 10:07:05,807 - INFO - Running job "Flush matured buckets (trigger: interval[0:00:15], next run at: 2026-01-07 10:07:20 +07)" (scheduled at 2026-01-07 10:07:05.806140+07:00)
2026-01-07 10:07:05,882 - INFO - Job "Flush matured buckets (trigger: interval[0:00:15], next run at: 2026-01-07 10:07:20 +07)" executed successfully
2026-01-07 10:07:20,819 - INFO - Running job "Flush matured buckets (trigger: interval[0:00:15], next run at: 2026-01-07 10:07:35 +07)" (scheduled at 2026-01-07 10:07:20.806140+07:00)
2026-01-07 10:07:20,894 - INFO - Job "Flush matured buckets (trigger: interval[0:00:15], next run at: 2026-01-07 10:07:35 +07)" executed successfully
2026-01-07 10:07:35,820 - INFO - Running job "Flush matured buckets (trigger: interval[0:00:15], next run at: 2026-01-07 10:07:50 +07)" (scheduled at 2026-01-07 10:07:35.806140+07:00)
2026-01-07 10:07:35,893 - INFO - Job "Flush matured buckets (trigger: interval[0:00:15], next run at: 2026-01-07 10:07:50 +07)" executed successfully
2026-01-07 10:07:50,813 - INFO - Running job "Flush matured buckets (trigger: interval[0:00:15], next run at: 2026-01-07 10:08:05 +07)" (scheduled at 2026-01-07 10:07:50.806140+07:00)
2026-01-07 10:07:50,887 - INFO - Job "Flush matured buckets (trigger: interval[0:00:15], next run at: 2026-01-07 10:08:05 +07)" executed successfully
2026-01-07 10:08:05,821 - INFO - Running job "Flush matured buckets (trigger: interval[0:00:15], next run at: 2026-01-07 10:08:20 +07)" (scheduled at 2026-01-07 10:08:05.806140+07:00)
2026-01-07 10:08:05,860 - INFO - Job "Flush matured buckets (trigger: interval[0:00:15], next run at: 2026-01-07 10:08:20 +07)" executed successfully
2026-01-07 10:08:20,812 - INFO - Running job "Flush matured buckets (trigger: interval[0:00:15], next run at: 2026-01-07 10:08:35 +07)" (scheduled at 2026-01-07 10:08:20.806140+07:00)
2026-01-07 10:08:20,887 - INFO - Job "Flush matured buckets (trigger: interval[0:00:15], next run at: 2026-01-07 10:08:35 +07)" executed successfully
2026-01-07 10:08:35,821 - INFO - Running job "Flush matured buckets (trigger: interval[0:00:15], next run at: 2026-01-07 10:08:50 +07)" (scheduled at 2026-01-07 10:08:35.806140+07:00)
2026-01-07 10:08:36,072 - INFO - Job "Flush matured buckets (trigger: interval[0:00:15], next run at: 2026-01-07 10:08:50 +07)" executed successfully
2026-01-07 10:08:50,811 - INFO - Running job "Flush matured buckets (trigger: interval[0:00:15], next run at: 2026-01-07 10:09:05 +07)" (scheduled at 2026-01-07 10:08:50.806140+07:00)
2026-01-07 10:08:50,882 - INFO - Job "Flush matured buckets (trigger: interval[0:00:15], next run at: 2026-01-07 10:09:05 +07)" executed successfully
2026-01-07 10:09:05,816 - INFO - Running job "Flush matured buckets (trigger: interval[0:00:15], next run at: 2026-01-07 10:09:20 +07)" (scheduled at 2026-01-07 10:09:05.806140+07:00)
2026-01-07 10:09:05,889 - INFO - Job "Flush matured buckets (trigger: interval[0:00:15], next run at: 2026-01-07 10:09:20 +07)" executed successfully
2026-01-07 10:09:20,811 - INFO - Running job "Flush matured buckets (trigger: interval[0:00:15], next run at: 2026-01-07 10:09:35 +07)" (scheduled at 2026-01-07 10:09:20.806140+07:00)
2026-01-07 10:09:20,888 - INFO - Job "Flush matured buckets (trigger: interval[0:00:15], next run at: 2026-01-07 10:09:35 +07)" executed successfully
2026-01-07 10:09:35,817 - INFO - Running job "Flush matured buckets (trigger: interval[0:00:15], next run at: 2026-01-07 10:09:50 +07)" (scheduled at 2026-01-07 10:09:35.806140+07:00)
2026-01-07 10:09:35,890 - INFO - Job "Flush matured buckets (trigger: interval[0:00:15], next run at: 2026-01-07 10:09:50 +07)" executed successfully
2026-01-07 10:09:50,812 - INFO - Running job "Flush matured buckets (trigger: interval[0:00:15], next run at: 2026-01-07 10:10:05 +07)" (scheduled at 2026-01-07 10:09:50.806140+07:00)
2026-01-07 10:09:50,891 - INFO - Job "Flush matured buckets (trigger: interval[0:00:15], next run at: 2026-01-07 10:10:05 +07)" executed successfully
2026-01-07 10:10:05,822 - INFO - Running job "Flush matured buckets (trigger: interval[0:00:15], next run at: 2026-01-07 10:10:20 +07)" (scheduled at 2026-01-07 10:10:05.806140+07:00)
2026-01-07 10:10:05,861 - INFO - Job "Flush matured buckets (trigger: interval[0:00:15], next run at: 2026-01-07 10:10:20 +07)" executed successfully
2026-01-07 10:10:20,810 - INFO - Running job "Flush matured buckets (trigger: interval[0:00:15], next run at: 2026-01-07 10:10:35 +07)" (scheduled at 2026-01-07 10:10:20.806140+07:00)
2026-01-07 10:10:20,885 - INFO - Job "Flush matured buckets (trigger: interval[0:00:15], next run at: 2026-01-07 10:10:35 +07)" executed successfully
2026-01-07 10:10:35,810 - INFO - Running job "Flush matured buckets (trigger: interval[0:00:15], next run at: 2026-01-07 10:10:50 +07)" (scheduled at 2026-01-07 10:10:35.806140+07:00)
2026-01-07 10:10:35,879 - INFO - Job "Flush matured buckets (trigger: interval[0:00:15], next run at: 2026-01-07 10:10:50 +07)" executed successfully
2026-01-07 10:10:50,819 - INFO - Running job "Flush matured buckets (trigger: interval[0:00:15], next run at: 2026-01-07 10:11:05 +07)" (scheduled at 2026-01-07 10:10:50.806140+07:00)
2026-01-07 10:10:50,884 - INFO - Job "Flush matured buckets (trigger: interval[0:00:15], next run at: 2026-01-07 10:11:05 +07)" executed successfully
2026-01-07 10:11:05,813 - INFO - Running job "Flush matured buckets (trigger: interval[0:00:15], next run at: 2026-01-07 10:11:20 +07)" (scheduled at 2026-01-07 10:11:05.806140+07:00)
2026-01-07 10:11:05,887 - INFO - Job "Flush matured buckets (trigger: interval[0:00:15], next run at: 2026-01-07 10:11:20 +07)" executed successfully
2026-01-07 10:11:20,814 - INFO - Running job "Flush matured buckets (trigger: interval[0:00:15], next run at: 2026-01-07 10:11:35 +07)" (scheduled at 2026-01-07 10:11:20.806140+07:00)
2026-01-07 10:11:20,864 - INFO - Job "Flush matured buckets (trigger: interval[0:00:15], next run at: 2026-01-07 10:11:35 +07)" executed successfully
2026-01-07 10:11:35,808 - INFO - Running job "Flush matured buckets (trigger: interval[0:00:15], next run at: 2026-01-07 10:11:50 +07)" (scheduled at 2026-01-07 10:11:35.806140+07:00)
2026-01-07 10:11:35,855 - INFO - Running job "Cleanup old buckets (trigger: interval[0:05:00], next run at: 2026-01-07 10:16:35 +07)" (scheduled at 2026-01-07 10:11:35.842100+07:00)
2026-01-07 10:11:35,884 - INFO - Job "Flush matured buckets (trigger: interval[0:00:15], next run at: 2026-01-07 10:11:50 +07)" executed successfully
2026-01-07 10:11:35,884 - INFO - Job "Cleanup old buckets (trigger: interval[0:05:00], next run at: 2026-01-07 10:16:35 +07)" executed successfully
2026-01-07 10:11:50,818 - INFO - Running job "Flush matured buckets (trigger: interval[0:00:15], next run at: 2026-01-07 10:12:05 +07)" (scheduled at 2026-01-07 10:11:50.806140+07:00)
2026-01-07 10:11:50,893 - INFO - Job "Flush matured buckets (trigger: interval[0:00:15], next run at: 2026-01-07 10:12:05 +07)" executed successfully
2026-01-07 10:12:05,811 - INFO - Running job "Flush matured buckets (trigger: interval[0:00:15], next run at: 2026-01-07 10:12:20 +07)" (scheduled at 2026-01-07 10:12:05.806140+07:00)
2026-01-07 10:12:05,857 - INFO - Job "Flush matured buckets (trigger: interval[0:00:15], next run at: 2026-01-07 10:12:20 +07)" executed successfully
2026-01-07 10:12:20,813 - INFO - Running job "Flush matured buckets (trigger: interval[0:00:15], next run at: 2026-01-07 10:12:35 +07)" (scheduled at 2026-01-07 10:12:20.806140+07:00)
2026-01-07 10:12:20,888 - INFO - Job "Flush matured buckets (trigger: interval[0:00:15], next run at: 2026-01-07 10:12:35 +07)" executed successfully
2026-01-07 10:12:35,817 - INFO - Running job "Flush matured buckets (trigger: interval[0:00:15], next run at: 2026-01-07 10:12:50 +07)" (scheduled at 2026-01-07 10:12:35.806140+07:00)
2026-01-07 10:12:35,865 - INFO - Job "Flush matured buckets (trigger: interval[0:00:15], next run at: 2026-01-07 10:12:50 +07)" executed successfully
2026-01-07 10:12:50,813 - INFO - Running job "Flush matured buckets (trigger: interval[0:00:15], next run at: 2026-01-07 10:13:05 +07)" (scheduled at 2026-01-07 10:12:50.806140+07:00)
2026-01-07 10:12:50,890 - INFO - Job "Flush matured buckets (trigger: interval[0:00:15], next run at: 2026-01-07 10:13:05 +07)" executed successfully
2026-01-07 10:13:05,812 - INFO - Running job "Flush matured buckets (trigger: interval[0:00:15], next run at: 2026-01-07 10:13:20 +07)" (scheduled at 2026-01-07 10:13:05.806140+07:00)
2026-01-07 10:13:05,878 - INFO - Job "Flush matured buckets (trigger: interval[0:00:15], next run at: 2026-01-07 10:13:20 +07)" executed successfully
2026-01-07 10:13:20,813 - INFO - Running job "Flush matured buckets (trigger: interval[0:00:15], next run at: 2026-01-07 10:13:35 +07)" (scheduled at 2026-01-07 10:13:20.806140+07:00)
2026-01-07 10:13:20,877 - INFO - Job "Flush matured buckets (trigger: interval[0:00:15], next run at: 2026-01-07 10:13:35 +07)" executed successfully
2026-01-07 10:13:35,810 - INFO - Running job "Flush matured buckets (trigger: interval[0:00:15], next run at: 2026-01-07 10:13:50 +07)" (scheduled at 2026-01-07 10:13:35.806140+07:00)
2026-01-07 10:13:35,873 - INFO - Job "Flush matured buckets (trigger: interval[0:00:15], next run at: 2026-01-07 10:13:50 +07)" executed successfully
2026-01-07 10:13:50,817 - INFO - Running job "Flush matured buckets (trigger: interval[0:00:15], next run at: 2026-01-07 10:14:05 +07)" (scheduled at 2026-01-07 10:13:50.806140+07:00)
2026-01-07 10:13:50,887 - INFO - Job "Flush matured buckets (trigger: interval[0:00:15], next run at: 2026-01-07 10:14:05 +07)" executed successfully
2026-01-07 10:14:05,810 - INFO - Running job "Flush matured buckets (trigger: interval[0:00:15], next run at: 2026-01-07 10:14:20 +07)" (scheduled at 2026-01-07 10:14:05.806140+07:00)
2026-01-07 10:14:05,883 - INFO - Job "Flush matured buckets (trigger: interval[0:00:15], next run at: 2026-01-07 10:14:20 +07)" executed successfully
2026-01-07 10:14:20,816 - INFO - Running job "Flush matured buckets (trigger: interval[0:00:15], next run at: 2026-01-07 10:14:35 +07)" (scheduled at 2026-01-07 10:14:20.806140+07:00)
2026-01-07 10:14:20,880 - INFO - Job "Flush matured buckets (trigger: interval[0:00:15], next run at: 2026-01-07 10:14:35 +07)" executed successfully
2026-01-07 10:14:35,815 - INFO - Running job "Flush matured buckets (trigger: interval[0:00:15], next run at: 2026-01-07 10:14:50 +07)" (scheduled at 2026-01-07 10:14:35.806140+07:00)
2026-01-07 10:14:35,884 - INFO - Job "Flush matured buckets (trigger: interval[0:00:15], next run at: 2026-01-07 10:14:50 +07)" executed successfully
2026-01-07 10:14:50,819 - INFO - Running job "Flush matured buckets (trigger: interval[0:00:15], next run at: 2026-01-07 10:15:05 +07)" (scheduled at 2026-01-07 10:14:50.806140+07:00)
2026-01-07 10:14:50,883 - INFO - Job "Flush matured buckets (trigger: interval[0:00:15], next run at: 2026-01-07 10:15:05 +07)" executed successfully
2026-01-07 10:15:05,814 - INFO - Running job "Flush matured buckets (trigger: interval[0:00:15], next run at: 2026-01-07 10:15:20 +07)" (scheduled at 2026-01-07 10:15:05.806140+07:00)
2026-01-07 10:15:05,879 - INFO - Job "Flush matured buckets (trigger: interval[0:00:15], next run at: 2026-01-07 10:15:20 +07)" executed successfully
2026-01-07 10:15:20,807 - INFO - Running job "Flush matured buckets (trigger: interval[0:00:15], next run at: 2026-01-07 10:15:35 +07)" (scheduled at 2026-01-07 10:15:20.806140+07:00)
2026-01-07 10:15:20,853 - INFO - Job "Flush matured buckets (trigger: interval[0:00:15], next run at: 2026-01-07 10:15:35 +07)" executed successfully
2026-01-07 10:15:35,811 - INFO - Running job "Flush matured buckets (trigger: interval[0:00:15], next run at: 2026-01-07 10:15:50 +07)" (scheduled at 2026-01-07 10:15:35.806140+07:00)
2026-01-07 10:15:35,873 - INFO - Job "Flush matured buckets (trigger: interval[0:00:15], next run at: 2026-01-07 10:15:50 +07)" executed successfully
2026-01-07 10:15:50,812 - INFO - Running job "Flush matured buckets (trigger: interval[0:00:15], next run at: 2026-01-07 10:16:05 +07)" (scheduled at 2026-01-07 10:15:50.806140+07:00)
2026-01-07 10:15:50,854 - INFO - Job "Flush matured buckets (trigger: interval[0:00:15], next run at: 2026-01-07 10:16:05 +07)" executed successfully
2026-01-07 10:16:05,809 - INFO - Running job "Flush matured buckets (trigger: interval[0:00:15], next run at: 2026-01-07 10:16:20 +07)" (scheduled at 2026-01-07 10:16:05.806140+07:00)
2026-01-07 10:16:05,878 - INFO - Job "Flush matured buckets (trigger: interval[0:00:15], next run at: 2026-01-07 10:16:20 +07)" executed successfully
2026-01-07 10:16:20,808 - INFO - Running job "Flush matured buckets (trigger: interval[0:00:15], next run at: 2026-01-07 10:16:35 +07)" (scheduled at 2026-01-07 10:16:20.806140+07:00)
2026-01-07 10:16:20,866 - INFO - Job "Flush matured buckets (trigger: interval[0:00:15], next run at: 2026-01-07 10:16:35 +07)" executed successfully
2026-01-07 10:16:35,807 - INFO - Running job "Flush matured buckets (trigger: interval[0:00:15], next run at: 2026-01-07 10:16:50 +07)" (scheduled at 2026-01-07 10:16:35.806140+07:00)
2026-01-07 10:16:35,853 - INFO - Running job "Cleanup old buckets (trigger: interval[0:05:00], next run at: 2026-01-07 10:21:35 +07)" (scheduled at 2026-01-07 10:16:35.842100+07:00)
2026-01-07 10:16:35,871 - INFO - Job "Flush matured buckets (trigger: interval[0:00:15], next run at: 2026-01-07 10:16:50 +07)" executed successfully
2026-01-07 10:16:35,871 - INFO - Job "Cleanup old buckets (trigger: interval[0:05:00], next run at: 2026-01-07 10:21:35 +07)" executed successfully
2026-01-07 10:16:50,806 - INFO - Running job "Flush matured buckets (trigger: interval[0:00:15], next run at: 2026-01-07 10:17:05 +07)" (scheduled at 2026-01-07 10:16:50.806140+07:00)
2026-01-07 10:16:50,871 - INFO - Job "Flush matured buckets (trigger: interval[0:00:15], next run at: 2026-01-07 10:17:05 +07)" executed successfully
2026-01-07 10:17:05,807 - INFO - Running job "Flush matured buckets (trigger: interval[0:00:15], next run at: 2026-01-07 10:17:20 +07)" (scheduled at 2026-01-07 10:17:05.806140+07:00)
2026-01-07 10:17:05,877 - INFO - Job "Flush matured buckets (trigger: interval[0:00:15], next run at: 2026-01-07 10:17:20 +07)" executed successfully
2026-01-07 10:17:20,807 - INFO - Running job "Flush matured buckets (trigger: interval[0:00:15], next run at: 2026-01-07 10:17:35 +07)" (scheduled at 2026-01-07 10:17:20.806140+07:00)
2026-01-07 10:17:20,871 - INFO - Job "Flush matured buckets (trigger: interval[0:00:15], next run at: 2026-01-07 10:17:35 +07)" executed successfully
2026-01-07 10:17:35,814 - INFO - Running job "Flush matured buckets (trigger: interval[0:00:15], next run at: 2026-01-07 10:17:50 +07)" (scheduled at 2026-01-07 10:17:35.806140+07:00)
2026-01-07 10:17:35,883 - INFO - Job "Flush matured buckets (trigger: interval[0:00:15], next run at: 2026-01-07 10:17:50 +07)" executed successfully
2026-01-07 10:17:50,816 - INFO - Running job "Flush matured buckets (trigger: interval[0:00:15], next run at: 2026-01-07 10:18:05 +07)" (scheduled at 2026-01-07 10:17:50.806140+07:00)
2026-01-07 10:17:50,884 - INFO - Job "Flush matured buckets (trigger: interval[0:00:15], next run at: 2026-01-07 10:18:05 +07)" executed successfully
2026-01-07 10:18:05,816 - INFO - Running job "Flush matured buckets (trigger: interval[0:00:15], next run at: 2026-01-07 10:18:20 +07)" (scheduled at 2026-01-07 10:18:05.806140+07:00)
2026-01-07 10:18:05,879 - INFO - Job "Flush matured buckets (trigger: interval[0:00:15], next run at: 2026-01-07 10:18:20 +07)" executed successfully
2026-01-07 10:18:20,820 - INFO - Running job "Flush matured buckets (trigger: interval[0:00:15], next run at: 2026-01-07 10:18:35 +07)" (scheduled at 2026-01-07 10:18:20.806140+07:00)
2026-01-07 10:18:20,880 - INFO - Job "Flush matured buckets (trigger: interval[0:00:15], next run at: 2026-01-07 10:18:35 +07)" executed successfully
2026-01-07 10:18:35,813 - INFO - Running job "Flush matured buckets (trigger: interval[0:00:15], next run at: 2026-01-07 10:18:50 +07)" (scheduled at 2026-01-07 10:18:35.806140+07:00)
2026-01-07 10:18:35,876 - INFO - Job "Flush matured buckets (trigger: interval[0:00:15], next run at: 2026-01-07 10:18:50 +07)" executed successfully
2026-01-07 10:18:50,808 - INFO - Running job "Flush matured buckets (trigger: interval[0:00:15], next run at: 2026-01-07 10:19:05 +07)" (scheduled at 2026-01-07 10:18:50.806140+07:00)
2026-01-07 10:18:50,848 - INFO - Job "Flush matured buckets (trigger: interval[0:00:15], next run at: 2026-01-07 10:19:05 +07)" executed successfully
2026-01-07 10:19:05,808 - INFO - Running job "Flush matured buckets (trigger: interval[0:00:15], next run at: 2026-01-07 10:19:20 +07)" (scheduled at 2026-01-07 10:19:05.806140+07:00)
2026-01-07 10:19:05,845 - INFO - Job "Flush matured buckets (trigger: interval[0:00:15], next run at: 2026-01-07 10:19:20 +07)" executed successfully
2026-01-07 10:19:20,815 - INFO - Running job "Flush matured buckets (trigger: interval[0:00:15], next run at: 2026-01-07 10:19:35 +07)" (scheduled at 2026-01-07 10:19:20.806140+07:00)
2026-01-07 10:19:20,874 - INFO - Job "Flush matured buckets (trigger: interval[0:00:15], next run at: 2026-01-07 10:19:35 +07)" executed successfully
2026-01-07 10:19:35,813 - INFO - Running job "Flush matured buckets (trigger: interval[0:00:15], next run at: 2026-01-07 10:19:50 +07)" (scheduled at 2026-01-07 10:19:35.806140+07:00)
2026-01-07 10:19:35,867 - INFO - Job "Flush matured buckets (trigger: interval[0:00:15], next run at: 2026-01-07 10:19:50 +07)" executed successfully
2026-01-07 10:19:50,813 - INFO - Running job "Flush matured buckets (trigger: interval[0:00:15], next run at: 2026-01-07 10:20:05 +07)" (scheduled at 2026-01-07 10:19:50.806140+07:00)
2026-01-07 10:19:50,879 - INFO - Job "Flush matured buckets (trigger: interval[0:00:15], next run at: 2026-01-07 10:20:05 +07)" executed successfully
2026-01-07 10:20:05,821 - INFO - Running job "Flush matured buckets (trigger: interval[0:00:15], next run at: 2026-01-07 10:20:20 +07)" (scheduled at 2026-01-07 10:20:05.806140+07:00)
2026-01-07 10:20:05,879 - INFO - Job "Flush matured buckets (trigger: interval[0:00:15], next run at: 2026-01-07 10:20:20 +07)" executed successfully
2026-01-07 10:20:20,812 - INFO - Running job "Flush matured buckets (trigger: interval[0:00:15], next run at: 2026-01-07 10:20:35 +07)" (scheduled at 2026-01-07 10:20:20.806140+07:00)
2026-01-07 10:20:20,875 - INFO - Job "Flush matured buckets (trigger: interval[0:00:15], next run at: 2026-01-07 10:20:35 +07)" executed successfully
2026-01-07 10:20:35,817 - INFO - Running job "Flush matured buckets (trigger: interval[0:00:15], next run at: 2026-01-07 10:20:50 +07)" (scheduled at 2026-01-07 10:20:35.806140+07:00)
2026-01-07 10:20:35,872 - INFO - Job "Flush matured buckets (trigger: interval[0:00:15], next run at: 2026-01-07 10:20:50 +07)" executed successfully
2026-01-07 10:20:50,812 - INFO - Running job "Flush matured buckets (trigger: interval[0:00:15], next run at: 2026-01-07 10:21:05 +07)" (scheduled at 2026-01-07 10:20:50.806140+07:00)
2026-01-07 10:20:50,868 - INFO - Job "Flush matured buckets (trigger: interval[0:00:15], next run at: 2026-01-07 10:21:05 +07)" executed successfully
2026-01-07 10:21:05,812 - INFO - Running job "Flush matured buckets (trigger: interval[0:00:15], next run at: 2026-01-07 10:21:20 +07)" (scheduled at 2026-01-07 10:21:05.806140+07:00)
2026-01-07 10:21:05,871 - INFO - Job "Flush matured buckets (trigger: interval[0:00:15], next run at: 2026-01-07 10:21:20 +07)" executed successfully
2026-01-07 10:21:20,810 - INFO - Running job "Flush matured buckets (trigger: interval[0:00:15], next run at: 2026-01-07 10:21:35 +07)" (scheduled at 2026-01-07 10:21:20.806140+07:00)
2026-01-07 10:21:20,868 - INFO - Job "Flush matured buckets (trigger: interval[0:00:15], next run at: 2026-01-07 10:21:35 +07)" executed successfully
2026-01-07 10:21:35,811 - INFO - Running job "Flush matured buckets (trigger: interval[0:00:15], next run at: 2026-01-07 10:21:50 +07)" (scheduled at 2026-01-07 10:21:35.806140+07:00)
2026-01-07 10:21:35,842 - INFO - Running job "Cleanup old buckets (trigger: interval[0:05:00], next run at: 2026-01-07 10:26:35 +07)" (scheduled at 2026-01-07 10:21:35.842100+07:00)
2026-01-07 10:21:35,870 - INFO - Job "Flush matured buckets (trigger: interval[0:00:15], next run at: 2026-01-07 10:21:50 +07)" executed successfully
2026-01-07 10:21:35,870 - INFO - Job "Cleanup old buckets (trigger: interval[0:05:00], next run at: 2026-01-07 10:26:35 +07)" executed successfully
2026-01-07 10:21:50,814 - INFO - Running job "Flush matured buckets (trigger: interval[0:00:15], next run at: 2026-01-07 10:22:05 +07)" (scheduled at 2026-01-07 10:21:50.806140+07:00)
2026-01-07 10:21:50,872 - INFO - Job "Flush matured buckets (trigger: interval[0:00:15], next run at: 2026-01-07 10:22:05 +07)" executed successfully
2026-01-07 10:22:05,811 - INFO - Running job "Flush matured buckets (trigger: interval[0:00:15], next run at: 2026-01-07 10:22:20 +07)" (scheduled at 2026-01-07 10:22:05.806140+07:00)
2026-01-07 10:22:05,876 - INFO - Job "Flush matured buckets (trigger: interval[0:00:15], next run at: 2026-01-07 10:22:20 +07)" executed successfully
2026-01-07 10:22:20,821 - INFO - Running job "Flush matured buckets (trigger: interval[0:00:15], next run at: 2026-01-07 10:22:35 +07)" (scheduled at 2026-01-07 10:22:20.806140+07:00)
2026-01-07 10:22:20,876 - INFO - Job "Flush matured buckets (trigger: interval[0:00:15], next run at: 2026-01-07 10:22:35 +07)" executed successfully
2026-01-07 10:22:35,807 - INFO - Running job "Flush matured buckets (trigger: interval[0:00:15], next run at: 2026-01-07 10:22:50 +07)" (scheduled at 2026-01-07 10:22:35.806140+07:00)
2026-01-07 10:22:35,862 - INFO - Job "Flush matured buckets (trigger: interval[0:00:15], next run at: 2026-01-07 10:22:50 +07)" executed successfully
2026-01-07 10:22:50,809 - INFO - Running job "Flush matured buckets (trigger: interval[0:00:15], next run at: 2026-01-07 10:23:05 +07)" (scheduled at 2026-01-07 10:22:50.806140+07:00)
2026-01-07 10:22:50,860 - INFO - Job "Flush matured buckets (trigger: interval[0:00:15], next run at: 2026-01-07 10:23:05 +07)" executed successfully
2026-01-07 10:23:05,815 - INFO - Running job "Flush matured buckets (trigger: interval[0:00:15], next run at: 2026-01-07 10:23:20 +07)" (scheduled at 2026-01-07 10:23:05.806140+07:00)
2026-01-07 10:23:05,873 - INFO - Job "Flush matured buckets (trigger: interval[0:00:15], next run at: 2026-01-07 10:23:20 +07)" executed successfully
2026-01-07 10:23:20,815 - INFO - Running job "Flush matured buckets (trigger: interval[0:00:15], next run at: 2026-01-07 10:23:35 +07)" (scheduled at 2026-01-07 10:23:20.806140+07:00)
2026-01-07 10:23:20,873 - INFO - Job "Flush matured buckets (trigger: interval[0:00:15], next run at: 2026-01-07 10:23:35 +07)" executed successfully
2026-01-07 10:23:35,806 - INFO - Running job "Flush matured buckets (trigger: interval[0:00:15], next run at: 2026-01-07 10:23:50 +07)" (scheduled at 2026-01-07 10:23:35.806140+07:00)
2026-01-07 10:23:35,863 - INFO - Job "Flush matured buckets (trigger: interval[0:00:15], next run at: 2026-01-07 10:23:50 +07)" executed successfully
2026-01-07 10:23:50,816 - INFO - Running job "Flush matured buckets (trigger: interval[0:00:15], next run at: 2026-01-07 10:24:05 +07)" (scheduled at 2026-01-07 10:23:50.806140+07:00)
2026-01-07 10:23:50,883 - INFO - Job "Flush matured buckets (trigger: interval[0:00:15], next run at: 2026-01-07 10:24:05 +07)" executed successfully
2026-01-07 10:24:05,814 - INFO - Running job "Flush matured buckets (trigger: interval[0:00:15], next run at: 2026-01-07 10:24:20 +07)" (scheduled at 2026-01-07 10:24:05.806140+07:00)
2026-01-07 10:24:05,881 - INFO - Job "Flush matured buckets (trigger: interval[0:00:15], next run at: 2026-01-07 10:24:20 +07)" executed successfully
2026-01-07 10:24:20,815 - INFO - Running job "Flush matured buckets (trigger: interval[0:00:15], next run at: 2026-01-07 10:24:35 +07)" (scheduled at 2026-01-07 10:24:20.806140+07:00)
2026-01-07 10:24:20,881 - INFO - Job "Flush matured buckets (trigger: interval[0:00:15], next run at: 2026-01-07 10:24:35 +07)" executed successfully
2026-01-07 10:24:35,810 - INFO - Running job "Flush matured buckets (trigger: interval[0:00:15], next run at: 2026-01-07 10:24:50 +07)" (scheduled at 2026-01-07 10:24:35.806140+07:00)
2026-01-07 10:24:35,873 - INFO - Job "Flush matured buckets (trigger: interval[0:00:15], next run at: 2026-01-07 10:24:50 +07)" executed successfully
2026-01-07 10:24:50,815 - INFO - Running job "Flush matured buckets (trigger: interval[0:00:15], next run at: 2026-01-07 10:25:05 +07)" (scheduled at 2026-01-07 10:24:50.806140+07:00)
2026-01-07 10:24:50,878 - INFO - Job "Flush matured buckets (trigger: interval[0:00:15], next run at: 2026-01-07 10:25:05 +07)" executed successfully
2026-01-07 10:25:05,816 - INFO - Running job "Flush matured buckets (trigger: interval[0:00:15], next run at: 2026-01-07 10:25:20 +07)" (scheduled at 2026-01-07 10:25:05.806140+07:00)
2026-01-07 10:25:05,875 - INFO - Job "Flush matured buckets (trigger: interval[0:00:15], next run at: 2026-01-07 10:25:20 +07)" executed successfully
2026-01-07 10:25:20,817 - INFO - Running job "Flush matured buckets (trigger: interval[0:00:15], next run at: 2026-01-07 10:25:35 +07)" (scheduled at 2026-01-07 10:25:20.806140+07:00)
2026-01-07 10:25:20,886 - INFO - Job "Flush matured buckets (trigger: interval[0:00:15], next run at: 2026-01-07 10:25:35 +07)" executed successfully
2026-01-07 10:25:35,810 - INFO - Running job "Flush matured buckets (trigger: interval[0:00:15], next run at: 2026-01-07 10:25:50 +07)" (scheduled at 2026-01-07 10:25:35.806140+07:00)
2026-01-07 10:25:35,870 - INFO - Job "Flush matured buckets (trigger: interval[0:00:15], next run at: 2026-01-07 10:25:50 +07)" executed successfully
2026-01-07 10:25:50,813 - INFO - Running job "Flush matured buckets (trigger: interval[0:00:15], next run at: 2026-01-07 10:26:05 +07)" (scheduled at 2026-01-07 10:25:50.806140+07:00)
2026-01-07 10:25:50,875 - INFO - Job "Flush matured buckets (trigger: interval[0:00:15], next run at: 2026-01-07 10:26:05 +07)" executed successfully
2026-01-07 10:26:05,813 - INFO - Running job "Flush matured buckets (trigger: interval[0:00:15], next run at: 2026-01-07 10:26:20 +07)" (scheduled at 2026-01-07 10:26:05.806140+07:00)
2026-01-07 10:26:05,873 - INFO - Job "Flush matured buckets (trigger: interval[0:00:15], next run at: 2026-01-07 10:26:20 +07)" executed successfully
2026-01-07 10:26:20,807 - INFO - Running job "Flush matured buckets (trigger: interval[0:00:15], next run at: 2026-01-07 10:26:35 +07)" (scheduled at 2026-01-07 10:26:20.806140+07:00)
2026-01-07 10:26:20,879 - INFO - Job "Flush matured buckets (trigger: interval[0:00:15], next run at: 2026-01-07 10:26:35 +07)" executed successfully
2026-01-07 10:26:35,813 - INFO - Running job "Flush matured buckets (trigger: interval[0:00:15], next run at: 2026-01-07 10:26:50 +07)" (scheduled at 2026-01-07 10:26:35.806140+07:00)
2026-01-07 10:26:35,845 - INFO - Running job "Cleanup old buckets (trigger: interval[0:05:00], next run at: 2026-01-07 10:31:35 +07)" (scheduled at 2026-01-07 10:26:35.842100+07:00)
2026-01-07 10:26:35,881 - INFO - Job "Flush matured buckets (trigger: interval[0:00:15], next run at: 2026-01-07 10:26:50 +07)" executed successfully
2026-01-07 10:26:35,881 - INFO - Job "Cleanup old buckets (trigger: interval[0:05:00], next run at: 2026-01-07 10:31:35 +07)" executed successfully
2026-01-07 10:26:50,812 - INFO - Running job "Flush matured buckets (trigger: interval[0:00:15], next run at: 2026-01-07 10:27:05 +07)" (scheduled at 2026-01-07 10:26:50.806140+07:00)
2026-01-07 10:26:50,879 - INFO - Job "Flush matured buckets (trigger: interval[0:00:15], next run at: 2026-01-07 10:27:05 +07)" executed successfully
2026-01-07 10:27:05,808 - INFO - Running job "Flush matured buckets (trigger: interval[0:00:15], next run at: 2026-01-07 10:27:20 +07)" (scheduled at 2026-01-07 10:27:05.806140+07:00)
2026-01-07 10:27:05,855 - INFO - Job "Flush matured buckets (trigger: interval[0:00:15], next run at: 2026-01-07 10:27:20 +07)" executed successfully
2026-01-07 10:27:20,808 - INFO - Running job "Flush matured buckets (trigger: interval[0:00:15], next run at: 2026-01-07 10:27:35 +07)" (scheduled at 2026-01-07 10:27:20.806140+07:00)
2026-01-07 10:27:20,872 - INFO - Job "Flush matured buckets (trigger: interval[0:00:15], next run at: 2026-01-07 10:27:35 +07)" executed successfully
2026-01-07 10:27:35,816 - INFO - Running job "Flush matured buckets (trigger: interval[0:00:15], next run at: 2026-01-07 10:27:50 +07)" (scheduled at 2026-01-07 10:27:35.806140+07:00)
2026-01-07 10:27:35,878 - INFO - Job "Flush matured buckets (trigger: interval[0:00:15], next run at: 2026-01-07 10:27:50 +07)" executed successfully
2026-01-07 10:27:50,813 - INFO - Running job "Flush matured buckets (trigger: interval[0:00:15], next run at: 2026-01-07 10:28:05 +07)" (scheduled at 2026-01-07 10:27:50.806140+07:00)
2026-01-07 10:27:50,878 - INFO - Job "Flush matured buckets (trigger: interval[0:00:15], next run at: 2026-01-07 10:28:05 +07)" executed successfully
2026-01-07 10:28:05,815 - INFO - Running job "Flush matured buckets (trigger: interval[0:00:15], next run at: 2026-01-07 10:28:20 +07)" (scheduled at 2026-01-07 10:28:05.806140+07:00)
2026-01-07 10:28:05,869 - INFO - Job "Flush matured buckets (trigger: interval[0:00:15], next run at: 2026-01-07 10:28:20 +07)" executed successfully
2026-01-07 10:28:20,821 - INFO - Running job "Flush matured buckets (trigger: interval[0:00:15], next run at: 2026-01-07 10:28:35 +07)" (scheduled at 2026-01-07 10:28:20.806140+07:00)
2026-01-07 10:28:20,907 - INFO - Job "Flush matured buckets (trigger: interval[0:00:15], next run at: 2026-01-07 10:28:35 +07)" executed successfully
